country_idx,country,table_index,indicator_desc,pages,page_count
1,종합,3,이용 용이성,"6,7",2
1,종합,4,접촉경로,"8,9",2
1,종합,15,소비시간/소비비중/지출액,20,1
1,종합,16,호감도,"21,22",2
1,종합,17,호감요인,"23,24,25,26,27,28",6
1,종합,18,호감 저해요인,"29,30,31,32,33,34,35,36",8
1,종합,24,인지도(애니메이션),44,1
1,종합,26,인지도(게임),47,1
1,종합,31,한류 관련 정도,"52,53",2
1,종합,33,관심도 및 소비지출 의향,56,1
1,종합,35,콘텐츠 경험 후 한국 인식 변화,58,1
1,종합,37,한류 부정적 인식 공감 이유,59,1
1,종합,41,고관여 제품/서비스 구매(한국관광 포함),61,1
2,중국,3,이용 용이성,"68,69",2
2,중국,4,접촉경로,"70,71",2
2,중국,15,소비시간/소비비중/지출액,80,1
2,중국,16,호감도,"81,82",2
2,중국,17,호감요인,"83,84,85,86,87,88",6
2,중국,18,호감 저해요인,"89,90,91,92,93,94,95,96",8
2,중국,24,인지도(애니메이션),104,1
2,중국,26,인지도(게임),107,1
2,중국,31,한류 관련 정도,"112,113,353,473,533",5
2,중국,33,관심도 및 소비지출 의향,116,1
2,중국,35,콘텐츠 경험 후 한국 인식 변화,118,1
2,중국,37,한류 부정적 인식 공감 이유,119,1
2,중국,41,고관여 제품/서비스 구매(한국관광 포함),121,1
3,일본,3,이용 용이성,"128,129",2
3,일본,4,접촉경로,"130,131",2
3,일본,15,소비시간/소비비중/지출액,140,1
3,일본,16,호감도,"141,142",2
3,일본,17,호감요인,"143,144,145,146,147,148",6
3,일본,18,호감 저해요인,"149,150,151,152,153,154,155,156",8
3,일본,24,인지도(애니메이션),164,1
3,일본,26,인지도(게임),167,1
3,일본,31,한류 관련 정도,"172,173",2
3,일본,33,관심도 및 소비지출 의향,176,1
3,일본,35,콘텐츠 경험 후 한국 인식 변화,178,1
3,일본,37,한류 부정적 인식 공감 이유,179,1
3,일본,41,고관여 제품/서비스 구매(한국관광 포함),181,1
4,대만,3,이용 용이성,"188,189",2
4,대만,4,접촉경로,"190,191",2
4,대만,15,소비시간/소비비중/지출액,200,1
4,대만,16,호감도,"201,202",2
4,대만,17,호감요인,"203,204,205,206,207,208",6
4,대만,18,호감 저해요인,"209,210,211,212,213,214,215,216",8
4,대만,24,인지도(애니메이션),224,1
4,대만,26,인지도(게임),227,1
4,대만,31,한류 관련 정도,"232,233",2
4,대만,33,관심도 및 소비지출 의향,236,1
4,대만,35,콘텐츠 경험 후 한국 인식 변화,238,1
4,대만,37,한류 부정적 인식 공감 이유,239,1
4,대만,41,고관여 제품/서비스 구매(한국관광 포함),241,1
5,태국,3,이용 용이성,"248,249",2
5,태국,4,접촉경로,"250,251",2
5,태국,15,소비시간/소비비중/지출액,260,1
5,태국,16,호감도,"261,262",2
5,태국,17,호감요인,"263,264,265,266,267,268",6
5,태국,18,호감 저해요인,"269,270,271,272,273,274,275,276",8
5,태국,24,인지도(애니메이션),284,1
5,태국,26,인지도(게임),287,1
5,태국,31,한류 관련 정도,"292,293",2
5,태국,33,관심도 및 소비지출 의향,296,1
5,태국,35,콘텐츠 경험 후 한국 인식 변화,298,1
5,태국,37,한류 부정적 인식 공감 이유,299,1
5,태국,41,고관여 제품/서비스 구매(한국관광 포함),301,1
6,말레이시아,3,이용 용이성,"308,309",2
6,말레이시아,4,접촉경로,"310,311",2
6,말레이시아,15,소비시간/소비비중/지출액,320,1
6,말레이시아,16,호감도,"321,322",2
6,말레이시아,17,호감요인,"323,324,325,326,327,328",6
6,말레이시아,18,호감 저해요인,"329,330,331,332,333,334,335,336",8
6,말레이시아,24,인지도(애니메이션),344,1
6,말레이시아,26,인지도(게임),347,1
6,말레이시아,31,한류 관련 정도,352,1
6,말레이시아,33,관심도 및 소비지출 의향,356,1
6,말레이시아,35,콘텐츠 경험 후 한국 인식 변화,358,1
6,말레이시아,37,한류 부정적 인식 공감 이유,359,1
6,말레이시아,41,고관여 제품/서비스 구매(한국관광 포함),361,1
7,인도네시아,3,이용 용이성,"368,369",2
7,인도네시아,4,접촉경로,"370,371",2
7,인도네시아,15,소비시간/소비비중/지출액,380,1
7,인도네시아,16,호감도,"381,382",2
7,인도네시아,17,호감요인,"383,384,385,386,387,388",6
7,인도네시아,18,호감 저해요인,"389,390,391,392,393,394,395,396",8
7,인도네시아,24,인지도(애니메이션),404,1
7,인도네시아,26,인지도(게임),407,1
7,인도네시아,31,한류 관련 정도,"412,413",2
7,인도네시아,33,관심도 및 소비지출 의향,416,1
7,인도네시아,35,콘텐츠 경험 후 한국 인식 변화,418,1
7,인도네시아,37,한류 부정적 인식 공감 이유,419,1
7,인도네시아,41,고관여 제품/서비스 구매(한국관광 포함),421,1
8,인도,3,이용 용이성,"428,429",2
8,인도,4,접촉경로,"430,431",2
8,인도,15,소비시간/소비비중/지출액,440,1
8,인도,16,호감도,"441,442",2
8,인도,17,호감요인,"443,444,445,446,447,448",6
8,인도,18,호감 저해요인,"449,450,451,452,453,454,455,456",8
8,인도,24,인지도(애니메이션),464,1
8,인도,26,인지도(게임),467,1
8,인도,31,한류 관련 정도,472,1
8,인도,33,관심도 및 소비지출 의향,476,1
8,인도,35,콘텐츠 경험 후 한국 인식 변화,478,1
8,인도,37,한류 부정적 인식 공감 이유,479,1
8,인도,41,고관여 제품/서비스 구매(한국관광 포함),481,1
9,베트남,3,이용 용이성,"488,489",2
9,베트남,4,접촉경로,"490,491",2
9,베트남,15,소비시간/소비비중/지출액,500,1
9,베트남,16,호감도,"501,502",2
9,베트남,17,호감요인,"503,504,505,506,507,508",6
9,베트남,18,호감 저해요인,"509,510,511,512,513,514,515,516",8
9,베트남,24,인지도(애니메이션),524,1
9,베트남,26,인지도(게임),527,1
9,베트남,31,한류 관련 정도,532,1
9,베트남,33,관심도 및 소비지출 의향,536,1
9,베트남,35,콘텐츠 경험 후 한국 인식 변화,538,1
9,베트남,37,한류 부정적 인식 공감 이유,539,1
9,베트남,41,고관여 제품/서비스 구매(한국관광 포함),541,1
10,카자흐스탄,3,이용 용이성,"548,549",2
10,카자흐스탄,4,접촉경로,"550,551",2
10,카자흐스탄,15,소비시간/소비비중/지출액,560,1
10,카자흐스탄,16,호감도,"561,562",2
10,카자흐스탄,17,호감요인,"563,564,565,566,567,568",6
10,카자흐스탄,18,호감 저해요인,"569,570,571,572,573,574,575,576",8
10,카자흐스탄,24,인지도(애니메이션),584,1
10,카자흐스탄,26,인지도(게임),587,1
10,카자흐스탄,31,한류 관련 정도,"592,593",2
10,카자흐스탄,33,관심도 및 소비지출 의향,596,1
10,카자흐스탄,35,콘텐츠 경험 후 한국 인식 변화,598,1
10,카자흐스탄,37,한류 부정적 인식 공감 이유,599,1
10,카자흐스탄,41,고관여 제품/서비스 구매(한국관광 포함),601,1
11,필리핀,3,이용 용이성,"608,609",2
11,필리핀,4,접촉경로,"610,611",2
11,필리핀,15,소비시간/소비비중/지출액,620,1
11,필리핀,16,호감도,"621,622",2
11,필리핀,17,호감요인,"623,624,625,626,627,628",6
11,필리핀,18,호감 저해요인,"629,630,631,632,633,634,635,636",8
11,필리핀,24,인지도(애니메이션),644,1
11,필리핀,26,인지도(게임),647,1
11,필리핀,31,한류 관련 정도,"652,653",2
11,필리핀,33,관심도 및 소비지출 의향,656,1
11,필리핀,35,콘텐츠 경험 후 한국 인식 변화,658,1
11,필리핀,37,한류 부정적 인식 공감 이유,659,1
11,필리핀,41,고관여 제품/서비스 구매(한국관광 포함),661,1
12,싱가포르,3,이용 용이성,"668,669",2
12,싱가포르,4,접촉경로,"670,671",2
12,싱가포르,15,소비시간/소비비중/지출액,680,1
12,싱가포르,16,호감도,"681,682",2
12,싱가포르,17,호감요인,"683,684,685,686,687,688",6
12,싱가포르,18,호감 저해요인,"689,690,691,692,693,694,695,696",8
12,싱가포르,24,인지도(애니메이션),704,1
12,싱가포르,26,인지도(게임),707,1
12,싱가포르,31,한류 관련 정도,"712,713",2
12,싱가포르,33,관심도 및 소비지출 의향,716,1
12,싱가포르,35,콘텐츠 경험 후 한국 인식 변화,718,1
12,싱가포르,37,한류 부정적 인식 공감 이유,719,1
12,싱가포르,41,고관여 제품/서비스 구매(한국관광 포함),721,1
13,호주,3,이용 용이성,"728,729",2
13,호주,4,접촉경로,"730,731",2
13,호주,15,소비시간/소비비중/지출액,740,1
13,호주,16,호감도,"741,742",2
13,호주,17,호감요인,"743,744,745,746,747,748",6
13,호주,18,호감 저해요인,"749,750,751,752,753,754,755,756",8
13,호주,24,인지도(애니메이션),764,1
13,호주,26,인지도(게임),767,1
13,호주,31,한류 관련 정도,"772,773",2
13,호주,33,관심도 및 소비지출 의향,776,1
13,호주,35,콘텐츠 경험 후 한국 인식 변화,778,1
13,호주,37,한류 부정적 인식 공감 이유,779,1
13,호주,41,고관여 제품/서비스 구매(한국관광 포함),781,1
14,미국,3,이용 용이성,"788,789",2
14,미국,4,접촉경로,"790,791",2
14,미국,15,소비시간/소비비중/지출액,800,1
14,미국,16,호감도,"801,802",2
14,미국,17,호감요인,"803,804,805,806,807,808",6
14,미국,18,호감 저해요인,"809,810,811,812,813,814,815,816",8
14,미국,24,인지도(애니메이션),824,1
14,미국,26,인지도(게임),827,1
14,미국,31,한류 관련 정도,"832,833",2
14,미국,33,관심도 및 소비지출 의향,836,1
14,미국,35,콘텐츠 경험 후 한국 인식 변화,838,1
14,미국,37,한류 부정적 인식 공감 이유,839,1
14,미국,41,고관여 제품/서비스 구매(한국관광 포함),841,1
15,캐나다,3,이용 용이성,"848,849",2
15,캐나다,4,접촉경로,"850,851",2
15,캐나다,15,소비시간/소비비중/지출액,860,1
15,캐나다,16,호감도,"861,862",2
15,캐나다,17,호감요인,"863,864,865,866,867,868",6
15,캐나다,18,호감 저해요인,"869,870,871,872,873,874,875,876",8
15,캐나다,24,인지도(애니메이션),884,1
15,캐나다,26,인지도(게임),887,1
15,캐나다,31,한류 관련 정도,"892,893",2
15,캐나다,33,관심도 및 소비지출 의향,896,1
15,캐나다,35,콘텐츠 경험 후 한국 인식 변화,898,1
15,캐나다,37,한류 부정적 인식 공감 이유,899,1
15,캐나다,41,고관여 제품/서비스 구매(한국관광 포함),901,1
16,멕시코,3,이용 용이성,"908,909",2
16,멕시코,4,접촉경로,"910,911",2
16,멕시코,15,소비시간/소비비중/지출액,920,1
16,멕시코,16,호감도,"921,922",2
16,멕시코,17,호감요인,"923,924,925,926,927,928",6
16,멕시코,18,호감 저해요인,"929,930,931,932,933,934,935,936",8
16,멕시코,24,인지도(애니메이션),944,1
16,멕시코,26,인지도(게임),947,1
16,멕시코,31,한류 관련 정도,"952,953",2
16,멕시코,33,관심도 및 소비지출 의향,956,1
16,멕시코,35,콘텐츠 경험 후 한국 인식 변화,958,1
16,멕시코,37,한류 부정적 인식 공감 이유,959,1
16,멕시코,41,고관여 제품/서비스 구매(한국관광 포함),961,1
17,브라질,3,이용 용이성,"968,969",2
17,브라질,4,접촉경로,"970,971",2
17,브라질,15,소비시간/소비비중/지출액,980,1
17,브라질,16,호감도,"981,982",2
17,브라질,17,호감요인,"983,984,985,986,987,988",6
17,브라질,18,호감 저해요인,"989,990,991,992,993,994,995,996",8
17,브라질,24,인지도(애니메이션),1004,1
17,브라질,26,인지도(게임),1007,1
17,브라질,31,한류 관련 정도,"1012,1013",2
17,브라질,33,관심도 및 소비지출 의향,1016,1
17,브라질,35,콘텐츠 경험 후 한국 인식 변화,1018,1
17,브라질,37,한류 부정적 인식 공감 이유,1019,1
17,브라질,41,고관여 제품/서비스 구매(한국관광 포함),1021,1
18,아르헨티나,3,이용 용이성,"1028,1029",2
18,아르헨티나,4,접촉경로,"1030,1031",2
18,아르헨티나,15,소비시간/소비비중/지출액,1040,1
18,아르헨티나,16,호감도,"1041,1042",2
18,아르헨티나,17,호감요인,"1043,1044,1045,1046,1047,1048",6
18,아르헨티나,18,호감 저해요인,"1049,1050,1051,1052,1053,1054,1055,1056",8
18,아르헨티나,24,인지도(애니메이션),1064,1
18,아르헨티나,26,인지도(게임),1067,1
18,아르헨티나,31,한류 관련 정도,"1072,1073",2
18,아르헨티나,33,관심도 및 소비지출 의향,1076,1
18,아르헨티나,35,콘텐츠 경험 후 한국 인식 변화,1078,1
18,아르헨티나,37,한류 부정적 인식 공감 이유,1079,1
18,아르헨티나,41,고관여 제품/서비스 구매(한국관광 포함),1081,1
19,칠레,3,이용 용이성,"1088,1089",2
19,칠레,4,접촉경로,"1090,1091",2
19,칠레,15,소비시간/소비비중/지출액,1100,1
19,칠레,16,호감도,"1101,1102",2
19,칠레,17,호감요인,"1103,1104,1105,1106,1107,1108",6
19,칠레,18,호감 저해요인,"1109,1110,1111,1112,1113,1114,1115,1116",8
19,칠레,24,인지도(애니메이션),1124,1
19,칠레,26,인지도(게임),1127,1
19,칠레,31,한류 관련 정도,"1132,1133",2
19,칠레,33,관심도 및 소비지출 의향,1136,1
19,칠레,35,콘텐츠 경험 후 한국 인식 변화,1138,1
19,칠레,37,한류 부정적 인식 공감 이유,1139,1
19,칠레,41,고관여 제품/서비스 구매(한국관광 포함),1141,1
20,영국,3,이용 용이성,"1148,1149",2
20,영국,4,접촉경로,"1150,1151",2
20,영국,15,소비시간/소비비중/지출액,1160,1
20,영국,16,호감도,"1161,1162",2
20,영국,17,호감요인,"1163,1164,1165,1166,1167,1168",6
20,영국,18,호감 저해요인,"1169,1170,1171,1172,1173,1174,1175,1176",8
20,영국,24,인지도(애니메이션),1184,1
20,영국,26,인지도(게임),1187,1
20,영국,31,한류 관련 정도,"1192,1193",2
20,영국,33,관심도 및 소비지출 의향,1196,1
20,영국,35,콘텐츠 경험 후 한국 인식 변화,1198,1
20,영국,37,한류 부정적 인식 공감 이유,1199,1
20,영국,41,고관여 제품/서비스 구매(한국관광 포함),1201,1
21,프랑스,3,이용 용이성,"1208,1209",2
21,프랑스,4,접촉경로,"1210,1211",2
21,프랑스,15,소비시간/소비비중/지출액,1220,1
21,프랑스,16,호감도,"1221,1222",2
21,프랑스,17,호감요인,"1223,1224,1225,1226,1227,1228",6
21,프랑스,18,호감 저해요인,"1229,1230,1231,1232,1233,1234,1235,1236",8
21,프랑스,24,인지도(애니메이션),1244,1
21,프랑스,26,인지도(게임),1247,1
21,프랑스,31,한류 관련 정도,"1252,1253",2
21,프랑스,33,관심도 및 소비지출 의향,1256,1
21,프랑스,35,콘텐츠 경험 후 한국 인식 변화,1258,1
21,프랑스,37,한류 부정적 인식 공감 이유,1259,1
21,프랑스,41,고관여 제품/서비스 구매(한국관광 포함),1261,1
22,이탈리아,3,이용 용이성,"1268,1269",2
22,이탈리아,4,접촉경로,"1270,1271",2
22,이탈리아,15,소비시간/소비비중/지출액,1280,1
22,이탈리아,16,호감도,"1281,1282",2
22,이탈리아,17,호감요인,"1283,1284,1285,1286,1287,1288",6
22,이탈리아,18,호감 저해요인,"1289,1290,1291,1292,1293,1294,1295,1296",8
22,이탈리아,24,인지도(애니메이션),1304,1
22,이탈리아,26,인지도(게임),1307,1
22,이탈리아,31,한류 관련 정도,"1312,1313",2
22,이탈리아,33,관심도 및 소비지출 의향,1316,1
22,이탈리아,35,콘텐츠 경험 후 한국 인식 변화,1318,1
22,이탈리아,37,한류 부정적 인식 공감 이유,1319,1
22,이탈리아,41,고관여 제품/서비스 구매(한국관광 포함),1321,1
23,스페인,3,이용 용이성,"1328,1329",2
23,스페인,4,접촉경로,"1330,1331",2
23,스페인,15,소비시간/소비비중/지출액,1340,1
23,스페인,16,호감도,"1341,1342",2
23,스페인,17,호감요인,"1343,1344,1345,1346,1347,1348",6
23,스페인,18,호감 저해요인,"1349,1350,1351,1352,1353,1354,1355,1356",8
23,스페인,24,인지도(애니메이션),1364,1
23,스페인,26,인지도(게임),1367,1
23,스페인,31,한류 관련 정도,"1372,1373",2
23,스페인,33,관심도 및 소비지출 의향,1376,1
23,스페인,35,콘텐츠 경험 후 한국 인식 변화,1378,1
23,스페인,37,한류 부정적 인식 공감 이유,1379,1
23,스페인,41,고관여 제품/서비스 구매(한국관광 포함),1381,1
24,독일,3,이용 용이성,"1388,1389",2
24,독일,4,접촉경로,"1390,1391",2
24,독일,15,소비시간/소비비중/지출액,1400,1
24,독일,16,호감도,"1401,1402",2
24,독일,17,호감요인,"1403,1404,1405,1406,1407,1408",6
24,독일,18,호감 저해요인,"1409,1410,1411,1412,1413,1414,1415,1416",8
24,독일,24,인지도(애니메이션),1424,1
24,독일,26,인지도(게임),1427,1
24,독일,31,한류 관련 정도,"1432,1433",2
24,독일,33,관심도 및 소비지출 의향,1436,1
24,독일,35,콘텐츠 경험 후 한국 인식 변화,1438,1
24,독일,37,한류 부정적 인식 공감 이유,1439,1
24,독일,41,고관여 제품/서비스 구매(한국관광 포함),1441,1
25,러시아,3,이용 용이성,"1448,1449",2
25,러시아,4,접촉경로,"1450,1451",2
25,러시아,15,소비시간/소비비중/지출액,1460,1
25,러시아,16,호감도,"1461,1462",2
25,러시아,17,호감요인,"1463,1464,1465,1466,1467,1468",6
25,러시아,18,호감 저해요인,"1469,1470,1471,1472,1473,1474,1475,1476",8
25,러시아,24,인지도(애니메이션),1484,1
25,러시아,26,인지도(게임),1487,1
25,러시아,31,한류 관련 정도,"1492,1493",2
25,러시아,33,관심도 및 소비지출 의향,1496,1
25,러시아,35,콘텐츠 경험 후 한국 인식 변화,1498,1
25,러시아,37,한류 부정적 인식 공감 이유,1499,1
25,러시아,41,고관여 제품/서비스 구매(한국관광 포함),1501,1
26,튀르키예,3,이용 용이성,"1508,1509",2
26,튀르키예,4,접촉경로,"1510,1511",2
26,튀르키예,15,소비시간/소비비중/지출액,1520,1
26,튀르키예,16,호감도,"1521,1522",2
26,튀르키예,17,호감요인,"1523,1524,1525,1526,1527,1528",6
26,튀르키예,18,호감 저해요인,"1529,1530,1531,1532,1533,1534,1535,1536",8
26,튀르키예,24,인지도(애니메이션),1544,1
26,튀르키예,26,인지도(게임),1547,1
26,튀르키예,31,한류 관련 정도,"1552,1553",2
26,튀르키예,33,관심도 및 소비지출 의향,1556,1
26,튀르키예,35,콘텐츠 경험 후 한국 인식 변화,1558,1
26,튀르키예,37,한류 부정적 인식 공감 이유,1559,1
26,튀르키예,41,고관여 제품/서비스 구매(한국관광 포함),1561,1
27,폴란드,3,이용 용이성,"1568,1569",2
27,폴란드,4,접촉경로,"1570,1571",2
27,폴란드,15,소비시간/소비비중/지출액,1580,1
27,폴란드,16,호감도,"1581,1582",2
27,폴란드,17,호감요인,"1583,1584,1585,1586,1587,1588",6
27,폴란드,18,호감 저해요인,"1589,1590,1591,1592,1593,1594,1595,1596",8
27,폴란드,24,인지도(애니메이션),1604,1
27,폴란드,26,인지도(게임),1607,1
27,폴란드,31,한류 관련 정도,"1612,1613",2
27,폴란드,33,관심도 및 소비지출 의향,1616,1
27,폴란드,35,콘텐츠 경험 후 한국 인식 변화,1618,1
27,폴란드,37,한류 부정적 인식 공감 이유,1619,1
27,폴란드,41,고관여 제품/서비스 구매(한국관광 포함),1621,1
28,UAE,3,이용 용이성,"1628,1629",2
28,UAE,4,접촉경로,"1630,1631",2
28,UAE,15,소비시간/소비비중/지출액,1640,1
28,UAE,16,호감도,"1641,1642",2
28,UAE,17,호감요인,"1643,1644,1645,1646,1647,1648",6
28,UAE,18,호감 저해요인,"1649,1650,1651,1652,1653,1654,1655,1656",8
28,UAE,24,인지도(애니메이션),1664,1
28,UAE,26,인지도(게임),1667,1
28,UAE,31,한류 관련 정도,"1672,1673",2
28,UAE,33,관심도 및 소비지출 의향,1676,1
28,UAE,35,콘텐츠 경험 후 한국 인식 변화,1678,1
28,UAE,37,한류 부정적 인식 공감 이유,1679,1
28,UAE,41,고관여 제품/서비스 구매(한국관광 포함),1681,1
29,사우디아라비아,3,이용 용이성,"1688,1689",2
29,사우디아라비아,4,접촉경로,"1690,1691",2
29,사우디아라비아,15,소비시간/소비비중/지출액,1700,1
29,사우디아라비아,16,호감도,"1701,1702",2
29,사우디아라비아,17,호감요인,"1703,1704,1705,1706,1707,1708",6
29,사우디아라비아,18,호감 저해요인,"1709,1710,1711,1712,1713,1714,1715,1716",8
29,사우디아라비아,24,인지도(애니메이션),1724,1
29,사우디아라비아,26,인지도(게임),1727,1
29,사우디아라비아,31,한류 관련 정도,"1732,1733",2
29,사우디아라비아,33,관심도 및 소비지출 의향,1736,1
29,사우디아라비아,35,콘텐츠 경험 후 한국 인식 변화,1738,1
29,사우디아라비아,37,한류 부정적 인식 공감 이유,1739,1
29,사우디아라비아,41,고관여 제품/서비스 구매(한국관광 포함),1741,1
30,남아프리카공화국,3,이용 용이성,"1748,1749",2
30,남아프리카공화국,4,접촉경로,"1750,1751",2
30,남아프리카공화국,15,소비시간/소비비중/지출액,1760,1
30,남아프리카공화국,16,호감도,"1761,1762",2
30,남아프리카공화국,17,호감요인,"1763,1764,1765,1766,1767,1768",6
30,남아프리카공화국,18,호감 저해요인,"1769,1770,1771,1772,1773,1774,1775,1776",8
30,남아프리카공화국,24,인지도(애니메이션),1784,1
30,남아프리카공화국,26,인지도(게임),1787,1
30,남아프리카공화국,31,한류 관련 정도,"1792,1793",2
30,남아프리카공화국,33,관심도 및 소비지출 의향,1796,1
30,남아프리카공화국,35,콘텐츠 경험 후 한국 인식 변화,1798,1
30,남아프리카공화국,37,한류 부정적 인식 공감 이유,1799,1
30,남아프리카공화국,41,고관여 제품/서비스 구매(한국관광 포함),1801,1
31,이집트,3,이용 용이성,"1808,1809",2
31,이집트,4,접촉경로,"1810,1811",2
31,이집트,15,소비시간/소비비중/지출액,1820,1
31,이집트,16,호감도,"1821,1822",2
31,이집트,17,호감요인,"1823,1824,1825,1826,1827,1828",6
31,이집트,18,호감 저해요인,"1829,1830,1831,1832,1833,1834,1835,1836",8
31,이집트,24,인지도(애니메이션),1844,1
31,이집트,26,인지도(게임),1847,1
31,이집트,31,한류 관련 정도,"1852,1853",2
31,이집트,33,관심도 및 소비지출 의향,1856,1
31,이집트,35,콘텐츠 경험 후 한국 인식 변화,1858,1
31,이집트,37,한류 부정적 인식 공감 이유,1859,1
31,이집트,41,고관여 제품/서비스 구매(한국관광 포함),1861,1
