country,table_id,indicator,category,item,value,unit,base,source_page,extraction_method,ocr_confidence,verification_status,notes
중국,1-16,호감도,드라마,5점 척도 평균(점),3.73,score(1-5),990.0,"81,82",easyocr+label_targeted_row_lookup,0.9959,auto_extracted,
중국,1-16,호감도,예능,5점 척도 평균(점),3.77,score(1-5),978.0,"81,82",easyocr+label_targeted_row_lookup,0.9964,auto_extracted,
중국,1-16,호감도,영화,5점 척도 평균(점),3.79,score(1-5),988.0,"81,82",easyocr+label_targeted_row_lookup,0.5635,auto_extracted,
중국,1-16,호감도,음악,5점 척도 평균(점),3.8,score(1-5),989.0,"81,82",easyocr+label_targeted_row_lookup,0.9806,auto_extracted,
중국,1-16,호감도,애니메이션,5점 척도 평균(점),3.75,score(1-5),732.0,"81,82",easyocr+label_targeted_row_lookup,0.5982,auto_extracted,
중국,1-16,호감도,출판물,5점 척도 평균(점),3.8,score(1-5),501.0,"81,82",easyocr+label_targeted_row_lookup,0.739,auto_extracted,
중국,1-16,호감도,웹툰,5점 척도 평균(점),3.79,score(1-5),735.0,"81,82",easyocr+label_targeted_row_lookup,0.974,auto_extracted,
중국,1-16,호감도,게임,5점 척도 평균(점),3.86,score(1-5),741.0,"81,82",easyocr+label_targeted_row_lookup,0.8554,auto_extracted,
중국,1-16,호감도,패션,5점 척도 평균(점),3.82,score(1-5),981.0,"81,82",easyocr+label_targeted_row_lookup,0.9694,auto_extracted,
중국,1-16,호감도,뷰티,5점 척도 평균(점),3.93,score(1-5),746.0,"81,82",easyocr+label_targeted_row_lookup,0.8674,auto_extracted,
중국,1-16,호감도,음식,5점 척도 평균(점),3.72,score(1-5),985.0,"81,82",easyocr+label_targeted_row_lookup,0.7629,auto_extracted,
중국,1-16,호감도,한국어,5점 척도 평균(점),3.95,score(1-5),478.0,"81,82",easyocr+label_targeted_row_lookup,0.7892,auto_extracted,
중국,1-16,호감도,전반적 만족도,5점 척도 평균(점),3.78,score(1-5),2100.0,"81,82",easyocr+label_targeted_row_lookup,0.9979,auto_extracted,
중국,1-33,관심도,,본인 관심도 변화 (1년 전 대비) - 5점 척도 평균(점),3.36,score(1-5),2100.0,116,easyocr+label_targeted_row_lookup,0.6303,auto_extracted,
중국,1-33,관심도,,본인 관심도 변화 (1년 후 예상) - 5점 척도 평균(점),3.37,score(1-5),2100.0,116,easyocr+label_targeted_row_lookup,0.7083,auto_extracted,
중국,1-33,관심도,,자국민 관심도 변화 (1년 전 대비) - 5점 척도 평균(점),3.31,score(1-5),2100.0,116,easyocr+label_targeted_row_lookup,0.9615,auto_extracted,
중국,1-33,관심도,,자국민 관심도 변화 (1년 후 예상) - 5점 척도 평균(점),3.33,score(1-5),2100.0,116,easyocr+label_targeted_row_lookup,0.9537,auto_extracted,
중국,1-33,관심도,,본인 소비지출 의향 변화 (1년 전 대비) - 5점 척도 평균(점),3.15,score(1-5),2100.0,116,easyocr+label_targeted_row_lookup,0.9366,auto_extracted,
중국,1-33,관심도,,본인 소비지출 의향 변화 (1년 후 예상) - 5점 척도 평균(점),3.21,score(1-5),2100.0,116,easyocr+label_targeted_row_lookup,0.7463,auto_extracted,
중국,1-35,인식변화,,매우 부정적으로 변함,1.6,%,2100.0,118,easyocr+label_targeted_row_lookup,0.6176,auto_extracted,
중국,1-35,인식변화,,약간 부정적으로 변함,10.3,%,2100.0,118,easyocr+label_targeted_row_lookup,0.9051,auto_extracted,
중국,1-35,인식변화,,변화 없음,32.5,%,2100.0,118,easyocr+label_targeted_row_lookup,0.6124,auto_extracted,
중국,1-35,인식변화,,약간 긍정적으로 변함,41.6,%,2100.0,118,easyocr+label_targeted_row_lookup,0.8926,auto_extracted,
중국,1-35,인식변화,,매우 긍정적으로 변함,14.0,%,2100.0,118,easyocr+label_targeted_row_lookup,0.9686,auto_extracted,
중국,1-35,인식변화,,5점 척도 평균(점),3.56,score(1-5),2100.0,118,easyocr+label_targeted_row_lookup,0.998,auto_extracted,
중국,1-41,관광경험,,한국 관광 - 구매(방문) 경험률(%),62.2,%,2100.0,121,easyocr+label_targeted_row_lookup,0.8825,auto_extracted,
중국,1-41,관광경험,,한국 관광 - 평균 구매(방문) 횟수(회),1.21,회,2100.0,121,easyocr+label_targeted_row_lookup,0.9916,auto_extracted,
일본,1-16,호감도,드라마,5점 척도 평균(점),3.47,score(1-5),525.0,"141,142",easyocr+label_targeted_row_lookup,0.9997,auto_extracted,
일본,1-16,호감도,예능,5점 척도 평균(점),3.45,score(1-5),290.0,"141,142",easyocr+label_targeted_row_lookup,0.9993,auto_extracted,
일본,1-16,호감도,영화,5점 척도 평균(점),3.54,score(1-5),467.0,"141,142",easyocr+label_targeted_row_lookup,0.9969,auto_extracted,
일본,1-16,호감도,음악,5점 척도 평균(점),3.43,score(1-5),581.0,"141,142",easyocr+label_targeted_row_lookup,0.9985,auto_extracted,
일본,1-16,호감도,애니메이션,5점 척도 평균(점),3.47,score(1-5),205.0,"141,142",easyocr+label_targeted_row_lookup,0.9954,auto_extracted,
일본,1-16,호감도,출판물,5점 척도 평균(점),3.7,score(1-5),173.0,"141,142",easyocr+label_targeted_row_lookup,0.8063,auto_extracted,
일본,1-16,호감도,웹툰,5점 척도 평균(점),3.66,score(1-5),159.0,"141,142",easyocr+label_targeted_row_lookup,0.6071,auto_extracted,
일본,1-16,호감도,게임,5점 척도 평균(점),3.62,score(1-5),267.0,"141,142",easyocr+label_targeted_row_lookup,0.4313,auto_extracted,
일본,1-16,호감도,패션,5점 척도 평균(점),3.75,score(1-5),403.0,"141,142",easyocr+label_targeted_row_lookup,0.5982,auto_extracted,
일본,1-16,호감도,뷰티,5점 척도 평균(점),3.76,score(1-5),412.0,"141,142",easyocr+label_targeted_row_lookup,0.9982,auto_extracted,
일본,1-16,호감도,음식,5점 척도 평균(점),3.73,score(1-5),619.0,"141,142",easyocr+label_targeted_row_lookup,0.9959,auto_extracted,
일본,1-16,호감도,한국어,5점 척도 평균(점),3.56,score(1-5),205.0,"141,142",easyocr+label_targeted_row_lookup,0.5994,auto_extracted,
일본,1-16,호감도,전반적 만족도,5점 척도 평균(점),3.5,score(1-5),1000.0,"141,142",easyocr+label_targeted_row_lookup,0.5384,auto_extracted,
일본,1-33,관심도,,본인 관심도 변화 (1년 전 대비) - 5점 척도 평균(점),3.13,score(1-5),1000.0,176,easyocr+label_targeted_row_lookup,0.999,auto_extracted,
일본,1-33,관심도,,본인 관심도 변화 (1년 후 예상) - 5점 척도 평균(점),3.11,score(1-5),1000.0,176,easyocr+label_targeted_row_lookup,0.9989,auto_extracted,
일본,1-33,관심도,,자국민 관심도 변화 (1년 전 대비) - 5점 척도 평균(점),3.13,score(1-5),1000.0,176,easyocr+label_targeted_row_lookup,0.999,auto_extracted,
일본,1-33,관심도,,자국민 관심도 변화 (1년 후 예상) - 5점 척도 평균(점),3.12,score(1-5),1000.0,176,easyocr+label_targeted_row_lookup,0.9981,auto_extracted,
일본,1-33,관심도,,본인 소비지출 의향 변화 (1년 전 대비) - 5점 척도 평균(점),3.04,score(1-5),1000.0,176,easyocr+label_targeted_row_lookup,0.999,auto_extracted,
일본,1-33,관심도,,본인 소비지출 의향 변화 (1년 후 예상) - 5점 척도 평균(점),3.04,score(1-5),1000.0,176,easyocr+label_targeted_row_lookup,0.999,auto_extracted,
일본,1-35,인식변화,,매우 부정적으로 변함,3.2,%,1000.0,178,easyocr+label_targeted_row_lookup,0.9046,auto_extracted,
일본,1-35,인식변화,,약간 부정적으로 변함,5.0,%,1000.0,178,easyocr+label_targeted_row_lookup,0.9586,auto_extracted,
일본,1-35,인식변화,,변화 없음,54.8,%,1000.0,178,easyocr+label_targeted_row_lookup,0.9189,auto_extracted,
일본,1-35,인식변화,,약간 긍정적으로 변함,26.5,%,1000.0,178,easyocr+label_targeted_row_lookup,1.0,auto_extracted,
일본,1-35,인식변화,,매우 긍정적으로 변함,10.5,%,1000.0,178,easyocr+label_targeted_row_lookup,0.9863,auto_extracted,
일본,1-35,인식변화,,5점 척도 평균(점),3.36,score(1-5),1000.0,178,easyocr+label_targeted_row_lookup,0.9988,auto_extracted,
일본,1-41,관광경험,,한국 관광 - 구매(방문) 경험률(%),26.9,%,1000.0,181,easyocr+label_targeted_row_lookup,1.0,auto_extracted,
일본,1-41,관광경험,,한국 관광 - 평균 구매(방문) 횟수(회),0.54,회,1000.0,181,easyocr+label_targeted_row_lookup,0.6471,auto_extracted,
대만,1-16,호감도,드라마,5점 척도 평균(점),3.78,score(1-5),394.0,"201,202",easyocr+label_targeted_row_lookup,0.9992,auto_extracted,
대만,1-16,호감도,예능,5점 척도 평균(점),3.68,score(1-5),396.0,"201,202",easyocr+label_targeted_row_lookup,0.9995,auto_extracted,
대만,1-16,호감도,영화,5점 척도 평균(점),3.78,score(1-5),396.0,"201,202",easyocr+label_targeted_row_lookup,0.7987,auto_extracted,
대만,1-16,호감도,음악,5점 척도 평균(점),3.83,score(1-5),393.0,"201,202",easyocr+label_targeted_row_lookup,0.8169,auto_extracted,
대만,1-16,호감도,애니메이션,5점 척도 평균(점),3.69,score(1-5),392.0,"201,202",easyocr+label_targeted_row_lookup,0.5855,auto_extracted,
대만,1-16,호감도,출판물,5점 척도 평균(점),3.65,score(1-5),290.0,"201,202",easyocr+label_targeted_row_lookup,0.9998,auto_extracted,
대만,1-16,호감도,웹툰,5점 척도 평균(점),3.82,score(1-5),394.0,"201,202",easyocr+label_targeted_row_lookup,0.9509,auto_extracted,
대만,1-16,호감도,게임,5점 척도 평균(점),3.79,score(1-5),396.0,"201,202",easyocr+label_targeted_row_lookup,0.9983,auto_extracted,
대만,1-16,호감도,패션,5점 척도 평균(점),3.82,score(1-5),393.0,"201,202",easyocr+label_targeted_row_lookup,0.7116,auto_extracted,
대만,1-16,호감도,뷰티,5점 척도 평균(점),3.89,score(1-5),319.0,"201,202",easyocr+label_targeted_row_lookup,0.5918,auto_extracted,
대만,1-16,호감도,음식,5점 척도 평균(점),3.74,score(1-5),401.0,"201,202",easyocr+label_targeted_row_lookup,0.582,auto_extracted,
대만,1-16,호감도,한국어,5점 척도 평균(점),3.87,score(1-5),175.0,"201,202",easyocr+label_targeted_row_lookup,0.5026,auto_extracted,
대만,1-16,호감도,전반적 만족도,5점 척도 평균(점),3.88,score(1-5),750.0,"201,202",easyocr+label_targeted_row_lookup,0.7096,auto_extracted,
대만,1-33,관심도,,본인 관심도 변화 (1년 전 대비) - 5점 척도 평균(점),3.49,score(1-5),750.0,236,easyocr+label_targeted_row_lookup,0.4512,auto_extracted,
대만,1-33,관심도,,본인 관심도 변화 (1년 후 예상) - 5점 척도 평균(점),3.45,score(1-5),750.0,236,easyocr+label_targeted_row_lookup,0.9993,auto_extracted,
대만,1-33,관심도,,자국민 관심도 변화 (1년 전 대비) - 5점 척도 평균(점),3.54,score(1-5),750.0,236,easyocr+label_targeted_row_lookup,0.8484,auto_extracted,
대만,1-33,관심도,,자국민 관심도 변화 (1년 후 예상) - 5점 척도 평균(점),3.51,score(1-5),750.0,236,easyocr+label_targeted_row_lookup,0.9996,auto_extracted,
대만,1-33,관심도,,본인 소비지출 의향 변화 (1년 전 대비) - 5점 척도 평균(점),3.34,score(1-5),750.0,236,easyocr+label_targeted_row_lookup,0.9851,auto_extracted,
대만,1-33,관심도,,본인 소비지출 의향 변화 (1년 후 예상) - 5점 척도 평균(점),3.31,score(1-5),750.0,236,easyocr+label_targeted_row_lookup,0.9969,auto_extracted,
대만,1-35,인식변화,,매우 부정적으로 변함,0.3,%,750.0,238,easyocr+label_targeted_row_lookup,0.9956,auto_extracted,
대만,1-35,인식변화,,약간 부정적으로 변함,1.7,%,750.0,238,easyocr+label_targeted_row_lookup,0.5949,auto_extracted,
대만,1-35,인식변화,,변화 없음,37.0,%,750.0,238,easyocr+label_targeted_row_lookup,0.99,auto_extracted,
대만,1-35,인식변화,,약간 긍정적으로 변함,46.5,%,750.0,238,easyocr+label_targeted_row_lookup,0.9997,auto_extracted,
대만,1-35,인식변화,,매우 긍정적으로 변함,14.5,%,750.0,238,easyocr+label_targeted_row_lookup,0.9999,auto_extracted,
대만,1-35,인식변화,,5점 척도 평균(점),3.73,score(1-5),750.0,238,easyocr+label_targeted_row_lookup,0.5658,auto_extracted,
대만,1-41,관광경험,,한국 관광 - 구매(방문) 경험률(%),55.7,%,750.0,241,easyocr+label_targeted_row_lookup,0.9998,auto_extracted,
대만,1-41,관광경험,,한국 관광 - 평균 구매(방문) 횟수(회),1.33,회,750.0,241,easyocr+label_targeted_row_lookup,0.9973,auto_extracted,
태국,1-16,호감도,드라마,5점 척도 평균(점),4.04,score(1-5),446.0,"261,262",easyocr+label_targeted_row_lookup,0.9987,auto_extracted,
태국,1-16,호감도,예능,5점 척도 평균(점),3.91,score(1-5),456.0,"261,262",easyocr+label_targeted_row_lookup,0.6296,auto_extracted,
태국,1-16,호감도,영화,5점 척도 평균(점),4.01,score(1-5),456.0,"261,262",easyocr+label_targeted_row_lookup,0.9754,auto_extracted,
태국,1-16,호감도,음악,5점 척도 평균(점),3.99,score(1-5),449.0,"261,262",easyocr+label_targeted_row_lookup,0.8959,auto_extracted,
태국,1-16,호감도,애니메이션,5점 척도 평균(점),4.02,score(1-5),447.0,"261,262",easyocr+label_targeted_row_lookup,0.8684,auto_extracted,
태국,1-16,호감도,출판물,5점 척도 평균(점),3.99,score(1-5),369.0,"261,262",easyocr+label_targeted_row_lookup,0.7448,auto_extracted,
태국,1-16,호감도,웹툰,5점 척도 평균(점),4.22,score(1-5),442.0,"261,262",easyocr+label_targeted_row_lookup,0.8169,auto_extracted,
태국,1-16,호감도,게임,5점 척도 평균(점),4.02,score(1-5),437.0,"261,262",easyocr+label_targeted_row_lookup,0.9991,auto_extracted,
태국,1-16,호감도,패션,5점 척도 평균(점),4.03,score(1-5),446.0,"261,262",easyocr+label_targeted_row_lookup,0.906,auto_extracted,
태국,1-16,호감도,뷰티,5점 척도 평균(점),4.1,score(1-5),454.0,"261,262",easyocr+label_targeted_row_lookup,0.9963,auto_extracted,
태국,1-16,호감도,음식,5점 척도 평균(점),3.98,score(1-5),451.0,"261,262",easyocr+label_targeted_row_lookup,0.9989,auto_extracted,
태국,1-16,호감도,한국어,5점 척도 평균(점),4.28,score(1-5),252.0,"261,262",easyocr+label_targeted_row_lookup,0.5583,auto_extracted,
태국,1-16,호감도,전반적 만족도,5점 척도 평균(점),4.07,score(1-5),850.0,"261,262",easyocr+label_targeted_row_lookup,0.9983,auto_extracted,
태국,1-33,관심도,,본인 관심도 변화 (1년 전 대비) - 5점 척도 평균(점),3.69,score(1-5),850.0,296,easyocr+label_targeted_row_lookup,0.7783,auto_extracted,
태국,1-33,관심도,,본인 관심도 변화 (1년 후 예상) - 5점 척도 평균(점),3.65,score(1-5),850.0,296,easyocr+label_targeted_row_lookup,0.5885,auto_extracted,
태국,1-33,관심도,,자국민 관심도 변화 (1년 전 대비) - 5점 척도 평균(점),3.67,score(1-5),850.0,296,easyocr+label_targeted_row_lookup,0.609,auto_extracted,
태국,1-33,관심도,,자국민 관심도 변화 (1년 후 예상) - 5점 척도 평균(점),3.74,score(1-5),850.0,296,easyocr+label_targeted_row_lookup,0.9991,auto_extracted,
태국,1-33,관심도,,본인 소비지출 의향 변화 (1년 전 대비) - 5점 척도 평균(점),3.51,score(1-5),850.0,296,easyocr+label_targeted_row_lookup,0.999,auto_extracted,
태국,1-33,관심도,,본인 소비지출 의향 변화 (1년 후 예상) - 5점 척도 평균(점),3.52,score(1-5),850.0,296,easyocr+label_targeted_row_lookup,0.9988,auto_extracted,
태국,1-35,인식변화,,매우 부정적으로 변함,0.5,%,850.0,298,easyocr+label_targeted_row_lookup,0.9247,auto_extracted,
태국,1-35,인식변화,,약간 부정적으로 변함,1.9,%,850.0,298,easyocr+label_targeted_row_lookup,0.8758,auto_extracted,
태국,1-35,인식변화,,변화 없음,25.0,%,850.0,298,easyocr+label_targeted_row_lookup,0.9997,auto_extracted,
태국,1-35,인식변화,,약간 긍정적으로 변함,45.2,%,850.0,298,easyocr+label_targeted_row_lookup,0.9923,auto_extracted,
태국,1-35,인식변화,,매우 긍정적으로 변함,27.4,%,850.0,298,easyocr+label_targeted_row_lookup,0.9742,auto_extracted,
태국,1-35,인식변화,,5점 척도 평균(점),3.97,score(1-5),850.0,298,easyocr+label_targeted_row_lookup,0.7296,auto_extracted,
태국,1-41,관광경험,,한국 관광 - 구매(방문) 경험률(%),47.5,%,850.0,301,easyocr+label_targeted_row_lookup,0.9397,auto_extracted,
태국,1-41,관광경험,,한국 관광 - 평균 구매(방문) 횟수(회),1.33,회,850.0,301,easyocr+label_targeted_row_lookup,0.7113,auto_extracted,
말레이시아,1-16,호감도,드라마,5점 척도 평균(점),4.05,score(1-5),424.0,"321,322",easyocr+label_targeted_row_lookup,0.9997,auto_extracted,
말레이시아,1-16,호감도,예능,5점 척도 평균(점),4.03,score(1-5),455.0,"321,322",easyocr+label_targeted_row_lookup,0.9497,auto_extracted,
말레이시아,1-16,호감도,영화,5점 척도 평균(점),4.06,score(1-5),421.0,"321,322",easyocr+label_targeted_row_lookup,0.9678,auto_extracted,
말레이시아,1-16,호감도,음악,5점 척도 평균(점),3.98,score(1-5),417.0,"321,322",easyocr+label_targeted_row_lookup,0.8153,auto_extracted,
말레이시아,1-16,호감도,애니메이션,5점 척도 평균(점),3.9,score(1-5),380.0,"321,322",easyocr+label_targeted_row_lookup,0.9674,auto_extracted,
말레이시아,1-16,호감도,출판물,5점 척도 평균(점),3.87,score(1-5),196.0,"321,322",easyocr+label_targeted_row_lookup,0.603,auto_extracted,
말레이시아,1-16,호감도,웹툰,5점 척도 평균(점),4.1,score(1-5),352.0,"321,322",easyocr+label_targeted_row_lookup,0.6291,auto_extracted,
말레이시아,1-16,호감도,게임,5점 척도 평균(점),3.98,score(1-5),281.0,"321,322",easyocr+label_targeted_row_lookup,0.9999,auto_extracted,
말레이시아,1-16,호감도,패션,5점 척도 평균(점),3.91,score(1-5),407.0,"321,322",easyocr+label_targeted_row_lookup,0.9671,auto_extracted,
말레이시아,1-16,호감도,뷰티,5점 척도 평균(점),4.04,score(1-5),419.0,"321,322",easyocr+label_targeted_row_lookup,0.7536,auto_extracted,
말레이시아,1-16,호감도,음식,5점 척도 평균(점),4.07,score(1-5),425.0,"321,322",easyocr+label_targeted_row_lookup,0.6556,auto_extracted,
말레이시아,1-16,호감도,한국어,5점 척도 평균(점),4.16,score(1-5),296.0,"321,322",easyocr+label_targeted_row_lookup,0.7838,auto_extracted,
말레이시아,1-16,호감도,전반적 만족도,5점 척도 평균(점),4.02,score(1-5),730.0,"321,322",easyocr+label_targeted_row_lookup,0.9994,auto_extracted,
말레이시아,1-33,관심도,,본인 관심도 변화 (1년 전 대비) - 5점 척도 평균(점),3.66,score(1-5),730.0,356,easyocr+label_targeted_row_lookup,0.6071,auto_extracted,
말레이시아,1-33,관심도,,본인 관심도 변화 (1년 후 예상) - 5점 척도 평균(점),3.64,score(1-5),730.0,356,easyocr+label_targeted_row_lookup,0.9973,auto_extracted,
말레이시아,1-33,관심도,,자국민 관심도 변화 (1년 전 대비) - 5점 척도 평균(점),3.84,score(1-5),730.0,356,easyocr+label_targeted_row_lookup,0.9936,auto_extracted,
말레이시아,1-33,관심도,,자국민 관심도 변화 (1년 후 예상) - 5점 척도 평균(점),3.81,score(1-5),730.0,356,easyocr+label_targeted_row_lookup,0.9956,auto_extracted,
말레이시아,1-33,관심도,,본인 소비지출 의향 변화 (1년 전 대비) - 5점 척도 평균(점),3.42,score(1-5),730.0,356,easyocr+label_targeted_row_lookup,0.9345,auto_extracted,
말레이시아,1-33,관심도,,본인 소비지출 의향 변화 (1년 후 예상) - 5점 척도 평균(점),3.43,score(1-5),730.0,356,easyocr+label_targeted_row_lookup,0.8883,auto_extracted,
말레이시아,1-35,인식변화,,매우 부정적으로 변함,0.0,%,730.0,358,easyocr+label_targeted_row_lookup,0.6184,auto_extracted,
말레이시아,1-35,인식변화,,약간 부정적으로 변함,2.9,%,730.0,358,easyocr+label_targeted_row_lookup,0.7116,auto_extracted,
말레이시아,1-35,인식변화,,변화 없음,26.6,%,730.0,358,easyocr+label_targeted_row_lookup,0.7751,auto_extracted,
말레이시아,1-35,인식변화,,약간 긍정적으로 변함,50.0,%,730.0,358,easyocr+label_targeted_row_lookup,1.0,auto_extracted,
말레이시아,1-35,인식변화,,매우 긍정적으로 변함,20.5,%,730.0,358,easyocr+label_targeted_row_lookup,1.0,auto_extracted,
말레이시아,1-35,인식변화,,5점 척도 평균(점),3.88,score(1-5),730.0,358,easyocr+label_targeted_row_lookup,0.5579,auto_extracted,
말레이시아,1-41,관광경험,,한국 관광 - 구매(방문) 경험률(%),40.1,%,730.0,361,easyocr+label_targeted_row_lookup,0.663,auto_extracted,
말레이시아,1-41,관광경험,,한국 관광 - 평균 구매(방문) 횟수(회),1.12,회,730.0,361,easyocr+label_targeted_row_lookup,0.9999,auto_extracted,
인도네시아,1-16,호감도,드라마,5점 척도 평균(점),4.15,score(1-5),644.0,"381,382",easyocr+label_targeted_row_lookup,0.5317,auto_extracted,
인도네시아,1-16,호감도,예능,5점 척도 평균(점),4.15,score(1-5),637.0,"381,382",easyocr+label_targeted_row_lookup,0.5317,auto_extracted,
인도네시아,1-16,호감도,영화,5점 척도 평균(점),4.15,score(1-5),635.0,"381,382",easyocr+label_targeted_row_lookup,0.9993,auto_extracted,
인도네시아,1-16,호감도,음악,5점 척도 평균(점),4.08,score(1-5),632.0,"381,382",easyocr+label_targeted_row_lookup,0.9751,auto_extracted,
인도네시아,1-16,호감도,애니메이션,5점 척도 평균(점),4.01,score(1-5),644.0,"381,382",easyocr+label_targeted_row_lookup,0.9999,auto_extracted,
인도네시아,1-16,호감도,출판물,5점 척도 평균(점),4.05,score(1-5),551.0,"381,382",easyocr+label_targeted_row_lookup,0.9854,auto_extracted,
인도네시아,1-16,호감도,웹툰,5점 척도 평균(점),4.24,score(1-5),643.0,"381,382",easyocr+label_targeted_row_lookup,0.6968,auto_extracted,
인도네시아,1-16,호감도,게임,5점 척도 평균(점),4.11,score(1-5),570.0,"381,382",easyocr+label_targeted_row_lookup,0.78,auto_extracted,
인도네시아,1-16,호감도,패션,5점 척도 평균(점),4.17,score(1-5),654.0,"381,382",easyocr+label_targeted_row_lookup,0.7395,auto_extracted,
인도네시아,1-16,호감도,뷰티,5점 척도 평균(점),4.13,score(1-5),643.0,"381,382",easyocr+label_targeted_row_lookup,0.9985,auto_extracted,
인도네시아,1-16,호감도,음식,5점 척도 평균(점),4.04,score(1-5),629.0,"381,382",easyocr+label_targeted_row_lookup,0.6779,auto_extracted,
인도네시아,1-16,호감도,한국어,5점 척도 평균(점),4.31,score(1-5),516.0,"381,382",easyocr+label_targeted_row_lookup,0.9995,auto_extracted,
인도네시아,1-16,호감도,전반적 만족도,5점 척도 평균(점),4.14,score(1-5),1200.0,"381,382",easyocr+label_targeted_row_lookup,0.5897,auto_extracted,
인도네시아,1-33,관심도,,본인 관심도 변화 (1년 전 대비) - 5점 척도 평균(점),3.76,score(1-5),1200.0,416,easyocr+label_targeted_row_lookup,0.9982,auto_extracted,
인도네시아,1-33,관심도,,본인 관심도 변화 (1년 후 예상) - 5점 척도 평균(점),3.77,score(1-5),1200.0,416,easyocr+label_targeted_row_lookup,0.9964,auto_extracted,
인도네시아,1-33,관심도,,자국민 관심도 변화 (1년 전 대비) - 5점 척도 평균(점),3.96,score(1-5),1200.0,416,easyocr+label_targeted_row_lookup,0.999,auto_extracted,
인도네시아,1-33,관심도,,자국민 관심도 변화 (1년 후 예상) - 5점 척도 평균(점),3.93,score(1-5),1200.0,416,easyocr+label_targeted_row_lookup,0.9986,auto_extracted,
인도네시아,1-33,관심도,,본인 소비지출 의향 변화 (1년 전 대비) - 5점 척도 평균(점),3.59,score(1-5),1200.0,416,easyocr+label_targeted_row_lookup,0.909,auto_extracted,
인도네시아,1-33,관심도,,본인 소비지출 의향 변화 (1년 후 예상) - 5점 척도 평균(점),3.59,score(1-5),1200.0,416,easyocr+label_targeted_row_lookup,0.909,auto_extracted,
인도네시아,1-35,인식변화,,매우 부정적으로 변함,0.2,%,1200.0,418,easyocr+label_targeted_row_lookup,0.7875,auto_extracted,
인도네시아,1-35,인식변화,,약간 부정적으로 변함,1.4,%,1200.0,418,easyocr+label_targeted_row_lookup,0.6822,auto_extracted,
인도네시아,1-35,인식변화,,변화 없음,25.4,%,1200.0,418,easyocr+label_targeted_row_lookup,0.9459,auto_extracted,
인도네시아,1-35,인식변화,,약간 긍정적으로 변함,39.9,%,1200.0,418,easyocr+label_targeted_row_lookup,0.654,auto_extracted,
인도네시아,1-35,인식변화,,매우 긍정적으로 변함,33.1,%,1200.0,418,easyocr+label_targeted_row_lookup,0.9991,auto_extracted,
인도네시아,1-35,인식변화,,5점 척도 평균(점),4.04,score(1-5),1200.0,418,easyocr+label_targeted_row_lookup,0.9997,auto_extracted,
인도네시아,1-41,관광경험,,한국 관광 - 구매(방문) 경험률(%),39.8,%,1200.0,421,easyocr+label_targeted_row_lookup,0.8228,auto_extracted,
인도네시아,1-41,관광경험,,한국 관광 - 평균 구매(방문) 횟수(회),0.87,회,1200.0,421,easyocr+label_targeted_row_lookup,0.6671,auto_extracted,
인도,1-16,호감도,드라마,5점 척도 평균(점),4.24,score(1-5),950.0,"441,442",easyocr+label_targeted_row_lookup,0.9933,auto_extracted,
인도,1-16,호감도,예능,5점 척도 평균(점),4.21,score(1-5),944.0,"441,442",easyocr+label_targeted_row_lookup,0.9993,auto_extracted,
인도,1-16,호감도,영화,5점 척도 평균(점),4.22,score(1-5),957.0,"441,442",easyocr+label_targeted_row_lookup,0.7003,auto_extracted,
인도,1-16,호감도,음악,5점 척도 평균(점),4.18,score(1-5),948.0,"441,442",easyocr+label_targeted_row_lookup,0.8744,auto_extracted,
인도,1-16,호감도,애니메이션,5점 척도 평균(점),4.15,score(1-5),950.0,"441,442",easyocr+label_targeted_row_lookup,0.5317,auto_extracted,
인도,1-16,호감도,출판물,5점 척도 평균(점),4.26,score(1-5),745.0,"441,442",easyocr+label_targeted_row_lookup,0.9913,auto_extracted,
인도,1-16,호감도,웹툰,5점 척도 평균(점),4.29,score(1-5),850.0,"441,442",easyocr+label_targeted_row_lookup,0.6468,auto_extracted,
인도,1-16,호감도,게임,5점 척도 평균(점),4.23,score(1-5),948.0,"441,442",easyocr+label_targeted_row_lookup,0.9928,auto_extracted,
인도,1-16,호감도,패션,5점 척도 평균(점),4.22,score(1-5),944.0,"441,442",easyocr+label_targeted_row_lookup,0.9958,auto_extracted,
인도,1-16,호감도,뷰티,5점 척도 평균(점),4.21,score(1-5),952.0,"441,442",easyocr+label_targeted_row_lookup,0.8904,auto_extracted,
인도,1-16,호감도,음식,5점 척도 평균(점),4.22,score(1-5),951.0,"441,442",easyocr+label_targeted_row_lookup,0.7818,auto_extracted,
인도,1-16,호감도,한국어,5점 척도 평균(점),4.22,score(1-5),752.0,"441,442",easyocr+label_targeted_row_lookup,0.9988,auto_extracted,
인도,1-16,호감도,전반적 만족도,5점 척도 평균(점),4.17,score(1-5),1850.0,"441,442",easyocr+label_targeted_row_lookup,0.9988,auto_extracted,
인도,1-33,관심도,,본인 관심도 변화 (1년 전 대비) - 5점 척도 평균(점),3.97,score(1-5),1850.0,476,easyocr+label_targeted_row_lookup,0.9998,auto_extracted,
인도,1-33,관심도,,본인 관심도 변화 (1년 후 예상) - 5점 척도 평균(점),3.86,score(1-5),1850.0,476,easyocr+label_targeted_row_lookup,0.5894,auto_extracted,
인도,1-33,관심도,,자국민 관심도 변화 (1년 전 대비) - 5점 척도 평균(점),3.9,score(1-5),1850.0,476,easyocr+label_targeted_row_lookup,0.8933,auto_extracted,
인도,1-33,관심도,,자국민 관심도 변화 (1년 후 예상) - 5점 척도 평균(점),3.91,score(1-5),1850.0,476,easyocr+label_targeted_row_lookup,0.6296,auto_extracted,
인도,1-33,관심도,,본인 소비지출 의향 변화 (1년 전 대비) - 5점 척도 평균(점),3.77,score(1-5),1850.0,476,easyocr+label_targeted_row_lookup,0.9476,auto_extracted,
인도,1-33,관심도,,본인 소비지출 의향 변화 (1년 후 예상) - 5점 척도 평균(점),3.73,score(1-5),1850.0,476,easyocr+label_targeted_row_lookup,0.5658,auto_extracted,
인도,1-35,인식변화,,매우 부정적으로 변함,0.5,%,1850.0,478,easyocr+label_targeted_row_lookup,0.5814,auto_extracted,
인도,1-35,인식변화,,약간 부정적으로 변함,1.9,%,1850.0,478,easyocr+label_targeted_row_lookup,0.5549,auto_extracted,
인도,1-35,인식변화,,변화 없음,14.6,%,1850.0,478,easyocr+label_targeted_row_lookup,0.4132,auto_extracted,
인도,1-35,인식변화,,약간 긍정적으로 변함,45.5,%,1850.0,478,easyocr+label_targeted_row_lookup,0.9999,auto_extracted,
인도,1-35,인식변화,,매우 긍정적으로 변함,37.5,%,1850.0,478,easyocr+label_targeted_row_lookup,0.9991,auto_extracted,
인도,1-35,인식변화,,5점 척도 평균(점),4.18,score(1-5),1850.0,478,easyocr+label_targeted_row_lookup,0.9683,auto_extracted,
인도,1-41,관광경험,,한국 관광 - 구매(방문) 경험률(%),47.9,%,1850.0,481,easyocr+label_targeted_row_lookup,0.9987,auto_extracted,
인도,1-41,관광경험,,한국 관광 - 평균 구매(방문) 횟수(회),1.86,회,1850.0,481,easyocr+label_targeted_row_lookup,0.9998,auto_extracted,
베트남,1-16,호감도,드라마,5점 척도 평균(점),3.94,score(1-5),484.0,"501,502",easyocr+label_targeted_row_lookup,0.782,auto_extracted,
베트남,1-16,호감도,예능,5점 척도 평균(점),3.92,score(1-5),480.0,"501,502",easyocr+label_targeted_row_lookup,0.9937,auto_extracted,
베트남,1-16,호감도,영화,5점 척도 평균(점),4.01,score(1-5),485.0,"501,502",easyocr+label_targeted_row_lookup,0.8859,auto_extracted,
베트남,1-16,호감도,음악,5점 척도 평균(점),4.02,score(1-5),487.0,"501,502",easyocr+label_targeted_row_lookup,0.9775,auto_extracted,
베트남,1-16,호감도,애니메이션,5점 척도 평균(점),3.88,score(1-5),478.0,"501,502",easyocr+label_targeted_row_lookup,0.5633,auto_extracted,
베트남,1-16,호감도,출판물,5점 척도 평균(점),3.87,score(1-5),422.0,"501,502",easyocr+label_targeted_row_lookup,0.603,auto_extracted,
베트남,1-16,호감도,웹툰,5점 척도 평균(점),4.03,score(1-5),343.0,"501,502",easyocr+label_targeted_row_lookup,0.9497,auto_extracted,
베트남,1-16,호감도,게임,5점 척도 평균(점),3.93,score(1-5),476.0,"501,502",easyocr+label_targeted_row_lookup,0.9997,auto_extracted,
베트남,1-16,호감도,패션,5점 척도 평균(점),4.02,score(1-5),480.0,"501,502",easyocr+label_targeted_row_lookup,0.9996,auto_extracted,
베트남,1-16,호감도,뷰티,5점 척도 평균(점),4.14,score(1-5),481.0,"501,502",easyocr+label_targeted_row_lookup,0.5551,auto_extracted,
베트남,1-16,호감도,음식,5점 척도 평균(점),4.07,score(1-5),479.0,"501,502",easyocr+label_targeted_row_lookup,0.6556,auto_extracted,
베트남,1-16,호감도,한국어,5점 척도 평균(점),3.97,score(1-5),309.0,"501,502",easyocr+label_targeted_row_lookup,0.9448,auto_extracted,
베트남,1-16,호감도,전반적 만족도,5점 척도 평균(점),3.99,score(1-5),900.0,"501,502",easyocr+label_targeted_row_lookup,0.6087,auto_extracted,
베트남,1-33,관심도,,본인 관심도 변화 (1년 전 대비) - 5점 척도 평균(점),3.69,score(1-5),900.0,536,easyocr+label_targeted_row_lookup,0.3888,auto_extracted,
베트남,1-33,관심도,,본인 관심도 변화 (1년 후 예상) - 5점 척도 평균(점),3.62,score(1-5),900.0,536,easyocr+label_targeted_row_lookup,0.4313,auto_extracted,
베트남,1-33,관심도,,자국민 관심도 변화 (1년 전 대비) - 5점 척도 평균(점),3.77,score(1-5),900.0,536,easyocr+label_targeted_row_lookup,0.9476,auto_extracted,
베트남,1-33,관심도,,자국민 관심도 변화 (1년 후 예상) - 5점 척도 평균(점),3.74,score(1-5),900.0,536,easyocr+label_targeted_row_lookup,0.8591,auto_extracted,
베트남,1-33,관심도,,본인 소비지출 의향 변화 (1년 전 대비) - 5점 척도 평균(점),3.58,score(1-5),900.0,536,easyocr+label_targeted_row_lookup,0.6996,auto_extracted,
베트남,1-33,관심도,,본인 소비지출 의향 변화 (1년 후 예상) - 5점 척도 평균(점),3.6,score(1-5),900.0,536,easyocr+label_targeted_row_lookup,0.549,auto_extracted,
베트남,1-35,인식변화,,매우 부정적으로 변함,0.2,%,900.0,538,easyocr+label_targeted_row_lookup,0.7875,auto_extracted,
베트남,1-35,인식변화,,약간 부정적으로 변함,1.9,%,900.0,538,easyocr+label_targeted_row_lookup,0.5549,auto_extracted,
베트남,1-35,인식변화,,변화 없음,22.9,%,900.0,538,easyocr+label_targeted_row_lookup,1.0,auto_extracted,
베트남,1-35,인식변화,,약간 긍정적으로 변함,45.7,%,900.0,538,easyocr+label_targeted_row_lookup,0.9997,auto_extracted,
베트남,1-35,인식변화,,매우 긍정적으로 변함,29.3,%,900.0,538,easyocr+label_targeted_row_lookup,0.9167,auto_extracted,
베트남,1-35,인식변화,,5점 척도 평균(점),4.02,score(1-5),900.0,538,easyocr+label_targeted_row_lookup,0.9991,auto_extracted,
베트남,1-41,관광경험,,한국 관광 - 구매(방문) 경험률(%),53.3,%,900.0,541,easyocr+label_targeted_row_lookup,0.9372,auto_extracted,
베트남,1-41,관광경험,,한국 관광 - 평균 구매(방문) 횟수(회),1.34,회,900.0,541,easyocr+label_targeted_row_lookup,0.6791,auto_extracted,
카자흐스탄,1-16,호감도,드라마,5점 척도 평균(점),3.7,score(1-5),374.0,"561,562",easyocr+label_targeted_row_lookup,0.5951,auto_extracted,
카자흐스탄,1-16,호감도,예능,5점 척도 평균(점),3.62,score(1-5),230.0,"561,562",easyocr+label_targeted_row_lookup,0.6633,auto_extracted,
카자흐스탄,1-16,호감도,영화,5점 척도 평균(점),3.64,score(1-5),376.0,"561,562",easyocr+label_targeted_row_lookup,0.6228,auto_extracted,
카자흐스탄,1-16,호감도,음악,5점 척도 평균(점),3.48,score(1-5),373.0,"561,562",easyocr+label_targeted_row_lookup,0.5785,auto_extracted,
카자흐스탄,1-16,호감도,애니메이션,5점 척도 평균(점),3.52,score(1-5),355.0,"561,562",easyocr+label_targeted_row_lookup,0.7667,auto_extracted,
카자흐스탄,1-16,호감도,출판물,5점 척도 평균(점),3.59,score(1-5),190.0,"561,562",easyocr+label_targeted_row_lookup,0.8105,auto_extracted,
카자흐스탄,1-16,호감도,웹툰,5점 척도 평균(점),4.0,score(1-5),120.0,"561,562",easyocr+label_targeted_row_lookup,0.9713,auto_extracted,
카자흐스탄,1-16,호감도,게임,5점 척도 평균(점),3.58,score(1-5),292.0,"561,562",easyocr+label_targeted_row_lookup,0.9998,auto_extracted,
카자흐스탄,1-16,호감도,패션,5점 척도 평균(점),3.79,score(1-5),339.0,"561,562",easyocr+label_targeted_row_lookup,0.8765,auto_extracted,
카자흐스탄,1-16,호감도,뷰티,5점 척도 평균(점),3.77,score(1-5),363.0,"561,562",easyocr+label_targeted_row_lookup,0.9817,auto_extracted,
카자흐스탄,1-16,호감도,음식,5점 척도 평균(점),3.89,score(1-5),357.0,"561,562",easyocr+label_targeted_row_lookup,0.5918,auto_extracted,
카자흐스탄,1-16,호감도,한국어,5점 척도 평균(점),4.14,score(1-5),134.0,"561,562",easyocr+label_targeted_row_lookup,0.5551,auto_extracted,
카자흐스탄,1-16,호감도,전반적 만족도,5점 척도 평균(점),3.62,score(1-5),700.0,"561,562",easyocr+label_targeted_row_lookup,0.6633,auto_extracted,
카자흐스탄,1-33,관심도,,본인 관심도 변화 (1년 전 대비) - 5점 척도 평균(점),3.41,score(1-5),700.0,596,easyocr+label_targeted_row_lookup,0.9997,auto_extracted,
카자흐스탄,1-33,관심도,,본인 관심도 변화 (1년 후 예상) - 5점 척도 평균(점),3.39,score(1-5),700.0,596,easyocr+label_targeted_row_lookup,0.8974,auto_extracted,
카자흐스탄,1-33,관심도,,자국민 관심도 변화 (1년 전 대비) - 5점 척도 평균(점),3.49,score(1-5),700.0,596,easyocr+label_targeted_row_lookup,0.4512,auto_extracted,
카자흐스탄,1-33,관심도,,자국민 관심도 변화 (1년 후 예상) - 5점 척도 평균(점),3.56,score(1-5),700.0,596,easyocr+label_targeted_row_lookup,0.7381,auto_extracted,
카자흐스탄,1-33,관심도,,본인 소비지출 의향 변화 (1년 전 대비) - 5점 척도 평균(점),3.33,score(1-5),700.0,596,easyocr+label_targeted_row_lookup,0.3804,auto_extracted,
카자흐스탄,1-33,관심도,,본인 소비지출 의향 변화 (1년 후 예상) - 5점 척도 평균(점),3.36,score(1-5),700.0,596,easyocr+label_targeted_row_lookup,0.6382,auto_extracted,
카자흐스탄,1-35,인식변화,,매우 부정적으로 변함,0.3,%,700.0,598,easyocr+label_targeted_row_lookup,0.9956,auto_extracted,
카자흐스탄,1-35,인식변화,,약간 부정적으로 변함,1.1,%,700.0,598,easyocr+label_targeted_row_lookup,0.6986,auto_extracted,
카자흐스탄,1-35,인식변화,,변화 없음,33.7,%,700.0,598,easyocr+label_targeted_row_lookup,0.9966,auto_extracted,
카자흐스탄,1-35,인식변화,,약간 긍정적으로 변함,47.1,%,700.0,598,easyocr+label_targeted_row_lookup,0.9993,auto_extracted,
카자흐스탄,1-35,인식변화,,매우 긍정적으로 변함,17.9,%,700.0,598,easyocr+label_targeted_row_lookup,0.9999,auto_extracted,
카자흐스탄,1-35,인식변화,,5점 척도 평균(점),3.81,score(1-5),700.0,598,easyocr+label_targeted_row_lookup,0.9956,auto_extracted,
카자흐스탄,1-41,관광경험,,한국 관광 - 구매(방문) 경험률(%),28.1,%,700.0,601,easyocr+label_targeted_row_lookup,0.993,auto_extracted,
카자흐스탄,1-41,관광경험,,한국 관광 - 평균 구매(방문) 횟수(회),1.25,회,700.0,601,easyocr+label_targeted_row_lookup,0.6265,auto_extracted,
필리핀,1-16,호감도,드라마,5점 척도 평균(점),4.26,score(1-5),388.0,"621,622",easyocr+label_targeted_row_lookup,0.9913,auto_extracted,
필리핀,1-16,호감도,예능,5점 척도 평균(점),4.15,score(1-5),387.0,"621,622",easyocr+label_targeted_row_lookup,0.6725,auto_extracted,
필리핀,1-16,호감도,영화,5점 척도 평균(점),4.29,score(1-5),386.0,"621,622",easyocr+label_targeted_row_lookup,0.8659,auto_extracted,
필리핀,1-16,호감도,음악,5점 척도 평균(점),4.2,score(1-5),396.0,"621,622",easyocr+label_targeted_row_lookup,0.8072,auto_extracted,
필리핀,1-16,호감도,애니메이션,5점 척도 평균(점),4.1,score(1-5),383.0,"621,622",easyocr+label_targeted_row_lookup,0.8373,auto_extracted,
필리핀,1-16,호감도,출판물,5점 척도 평균(점),4.18,score(1-5),245.0,"621,622",easyocr+label_targeted_row_lookup,0.9987,auto_extracted,
필리핀,1-16,호감도,웹툰,5점 척도 평균(점),4.34,score(1-5),374.0,"621,622",easyocr+label_targeted_row_lookup,0.9981,auto_extracted,
필리핀,1-16,호감도,게임,5점 척도 평균(점),4.18,score(1-5),316.0,"621,622",easyocr+label_targeted_row_lookup,0.9987,auto_extracted,
필리핀,1-16,호감도,패션,5점 척도 평균(점),417.0,score(1-5),387.0,"621,622",easyocr+label_targeted_row_lookup,0.3721,manual_review,"값 범위 이상: 417.0 (기대범위 1.0~5.0, 단위=score(1-5)) — 소수점 누락(예: 3.3->33) 또는 자릿수 오류 의심; 5점 척도인데 417.0 > 5 — 소수점 누락 의심"
필리핀,1-16,호감도,뷰티,5점 척도 평균(점),4.27,score(1-5),387.0,"621,622",easyocr+label_targeted_row_lookup,0.7563,auto_extracted,
필리핀,1-16,호감도,음식,5점 척도 평균(점),4.37,score(1-5),392.0,"621,622",easyocr+label_targeted_row_lookup,0.6706,auto_extracted,
필리핀,1-16,호감도,한국어,5점 척도 평균(점),4.1,score(1-5),369.0,"621,622",easyocr+label_targeted_row_lookup,0.8373,auto_extracted,
필리핀,1-16,호감도,전반적 만족도,5점 척도 평균(점),4.26,score(1-5),700.0,"621,622",easyocr+label_targeted_row_lookup,0.9913,auto_extracted,
필리핀,1-33,관심도,,본인 관심도 변화 (1년 전 대비) - 5점 척도 평균(점),3.84,score(1-5),700.0,656,easyocr+label_targeted_row_lookup,0.9936,auto_extracted,
필리핀,1-33,관심도,,본인 관심도 변화 (1년 후 예상) - 5점 척도 평균(점),3.81,score(1-5),700.0,656,easyocr+label_targeted_row_lookup,0.9956,auto_extracted,
필리핀,1-33,관심도,,자국민 관심도 변화 (1년 전 대비) - 5점 척도 평균(점),3.95,score(1-5),700.0,656,easyocr+label_targeted_row_lookup,0.7892,auto_extracted,
필리핀,1-33,관심도,,자국민 관심도 변화 (1년 후 예상) - 5점 척도 평균(점),3.92,score(1-5),700.0,656,easyocr+label_targeted_row_lookup,0.9216,auto_extracted,
필리핀,1-33,관심도,,본인 소비지출 의향 변화 (1년 전 대비) - 5점 척도 평균(점),3.63,score(1-5),700.0,656,easyocr+label_targeted_row_lookup,0.9984,auto_extracted,
필리핀,1-33,관심도,,본인 소비지출 의향 변화 (1년 후 예상) - 5점 척도 평균(점),3.65,score(1-5),700.0,656,easyocr+label_targeted_row_lookup,0.4829,auto_extracted,
필리핀,1-35,인식변화,,매우 부정적으로 변함,0.1,%,700.0,658,easyocr+label_targeted_row_lookup,0.9993,auto_extracted,
필리핀,1-35,인식변화,,약간 부정적으로 변함,1.6,%,700.0,658,easyocr+label_targeted_row_lookup,0.3226,auto_extracted,
필리핀,1-35,인식변화,,변화 없음,15.5,%,700.0,658,easyocr+label_targeted_row_lookup,0.8823,auto_extracted,
필리핀,1-35,인식변화,,약간 긍정적으로 변함,46.5,%,700.0,658,easyocr+label_targeted_row_lookup,0.9997,auto_extracted,
필리핀,1-35,인식변화,,매우 긍정적으로 변함,36.2,%,700.0,658,easyocr+label_targeted_row_lookup,0.7861,auto_extracted,
필리핀,1-35,인식변화,,5점 척도 평균(점),4.17,score(1-5),700.0,658,easyocr+label_targeted_row_lookup,0.9977,auto_extracted,
필리핀,1-41,관광경험,,한국 관광 - 구매(방문) 경험률(%),36.6,%,700.0,661,easyocr+label_targeted_row_lookup,0.6026,auto_extracted,
필리핀,1-41,관광경험,,한국 관광 - 평균 구매(방문) 횟수(회),1.32,회,700.0,661,easyocr+label_targeted_row_lookup,0.9947,auto_extracted,
싱가포르,1-16,호감도,드라마,5점 척도 평균(점),3.93,score(1-5),398.0,"681,682",easyocr+label_targeted_row_lookup,0.5713,auto_extracted,
싱가포르,1-16,호감도,예능,5점 척도 평균(점),3.87,score(1-5),393.0,"681,682",easyocr+label_targeted_row_lookup,0.9099,auto_extracted,
싱가포르,1-16,호감도,영화,5점 척도 평균(점),3.85,score(1-5),397.0,"681,682",easyocr+label_targeted_row_lookup,0.9988,auto_extracted,
싱가포르,1-16,호감도,음악,5점 척도 평균(점),3.85,score(1-5),398.0,"681,682",easyocr+label_targeted_row_lookup,0.9988,auto_extracted,
싱가포르,1-16,호감도,애니메이션,5점 척도 평균(점),3.81,score(1-5),313.0,"681,682",easyocr+label_targeted_row_lookup,0.994,auto_extracted,
싱가포르,1-16,호감도,출판물,5점 척도 평균(점),3.86,score(1-5),192.0,"681,682",easyocr+label_targeted_row_lookup,0.5181,auto_extracted,
싱가포르,1-16,호감도,웹툰,5점 척도 평균(점),3.95,score(1-5),281.0,"681,682",easyocr+label_targeted_row_lookup,0.9975,auto_extracted,
싱가포르,1-16,호감도,게임,5점 척도 평균(점),3.82,score(1-5),271.0,"681,682",easyocr+label_targeted_row_lookup,0.643,auto_extracted,
싱가포르,1-16,호감도,패션,5점 척도 평균(점),3.83,score(1-5),394.0,"681,682",easyocr+label_targeted_row_lookup,0.7886,auto_extracted,
싱가포르,1-16,호감도,뷰티,5점 척도 평균(점),3.9,score(1-5),397.0,"681,682",easyocr+label_targeted_row_lookup,0.8756,auto_extracted,
싱가포르,1-16,호감도,음식,5점 척도 평균(점),3.93,score(1-5),399.0,"681,682",easyocr+label_targeted_row_lookup,0.7833,auto_extracted,
싱가포르,1-16,호감도,한국어,5점 척도 평균(점),3.86,score(1-5),247.0,"681,682",easyocr+label_targeted_row_lookup,0.9998,auto_extracted,
싱가포르,1-16,호감도,전반적 만족도,5점 척도 평균(점),3.83,score(1-5),700.0,"681,682",easyocr+label_targeted_row_lookup,0.5686,auto_extracted,
싱가포르,1-33,관심도,,본인 관심도 변화 (1년 전 대비) - 5점 척도 평균(점),3.4,score(1-5),700.0,716,easyocr+label_targeted_row_lookup,0.999,auto_extracted,
싱가포르,1-33,관심도,,본인 관심도 변화 (1년 후 예상) - 5점 척도 평균(점),3.38,score(1-5),700.0,716,easyocr+label_targeted_row_lookup,0.9957,auto_extracted,
싱가포르,1-33,관심도,,자국민 관심도 변화 (1년 전 대비) - 5점 척도 평균(점),3.51,score(1-5),700.0,716,easyocr+label_targeted_row_lookup,0.9907,auto_extracted,
싱가포르,1-33,관심도,,자국민 관심도 변화 (1년 후 예상) - 5점 척도 평균(점),3.45,score(1-5),700.0,716,easyocr+label_targeted_row_lookup,0.7306,auto_extracted,
싱가포르,1-33,관심도,,본인 소비지출 의향 변화 (1년 전 대비) - 5점 척도 평균(점),3.34,score(1-5),700.0,716,easyocr+label_targeted_row_lookup,0.9756,auto_extracted,
싱가포르,1-33,관심도,,본인 소비지출 의향 변화 (1년 후 예상) - 5점 척도 평균(점),3.32,score(1-5),700.0,716,easyocr+label_targeted_row_lookup,0.8299,auto_extracted,
싱가포르,1-35,인식변화,,매우 부정적으로 변함,0.7,%,700.0,718,easyocr+label_targeted_row_lookup,0.9997,auto_extracted,
싱가포르,1-35,인식변화,,약간 부정적으로 변함,1.6,%,700.0,718,easyocr+label_targeted_row_lookup,0.9947,auto_extracted,
싱가포르,1-35,인식변화,,변화 없음,33.6,%,700.0,718,easyocr+label_targeted_row_lookup,0.9963,auto_extracted,
싱가포르,1-35,인식변화,,약간 긍정적으로 변함,51.2,%,700.0,718,easyocr+label_targeted_row_lookup,0.7959,auto_extracted,
싱가포르,1-35,인식변화,,매우 긍정적으로 변함,13.0,%,700.0,718,easyocr+label_targeted_row_lookup,0.9975,auto_extracted,
싱가포르,1-35,인식변화,,5점 척도 평균(점),3.74,score(1-5),700.0,718,easyocr+label_targeted_row_lookup,0.5644,auto_extracted,
싱가포르,1-41,관광경험,,한국 관광 - 구매(방문) 경험률(%),55.1,%,700.0,721,easyocr+label_targeted_row_lookup,0.9965,auto_extracted,
싱가포르,1-41,관광경험,,한국 관광 - 평균 구매(방문) 횟수(회),1.29,회,700.0,721,easyocr+label_targeted_row_lookup,0.9283,auto_extracted,
호주,1-16,호감도,드라마,5점 척도 평균(점),4.03,score(1-5),311.0,"741,742",easyocr+label_targeted_row_lookup,0.9992,auto_extracted,
호주,1-16,호감도,예능,5점 척도 평균(점),4.04,score(1-5),309.0,"741,742",easyocr+label_targeted_row_lookup,0.7825,auto_extracted,
호주,1-16,호감도,영화,5점 척도 평균(점),4.02,score(1-5),317.0,"741,742",easyocr+label_targeted_row_lookup,0.8684,auto_extracted,
호주,1-16,호감도,음악,5점 척도 평균(점),3.59,score(1-5),319.0,"741,742",easyocr+label_targeted_row_lookup,0.909,auto_extracted,
호주,1-16,호감도,애니메이션,5점 척도 평균(점),3.91,score(1-5),311.0,"741,742",easyocr+label_targeted_row_lookup,0.6294,auto_extracted,
호주,1-16,호감도,출판물,5점 척도 평균(점),4.11,score(1-5),185.0,"741,742",easyocr+label_targeted_row_lookup,0.894,auto_extracted,
호주,1-16,호감도,웹툰,5점 척도 평균(점),4.07,score(1-5),181.0,"741,742",easyocr+label_targeted_row_lookup,0.9983,auto_extracted,
호주,1-16,호감도,게임,5점 척도 평균(점),4.06,score(1-5),283.0,"741,742",easyocr+label_targeted_row_lookup,0.9994,auto_extracted,
호주,1-16,호감도,패션,5점 척도 평균(점),4.03,score(1-5),312.0,"741,742",easyocr+label_targeted_row_lookup,0.906,auto_extracted,
호주,1-16,호감도,뷰티,5점 척도 평균(점),4.03,score(1-5),317.0,"741,742",easyocr+label_targeted_row_lookup,0.9495,auto_extracted,
호주,1-16,호감도,음식,5점 척도 평균(점),4.08,score(1-5),322.0,"741,742",easyocr+label_targeted_row_lookup,0.9228,auto_extracted,
호주,1-16,호감도,한국어,5점 척도 평균(점),4.14,score(1-5),159.0,"741,742",easyocr+label_targeted_row_lookup,0.9975,auto_extracted,
호주,1-16,호감도,전반적 만족도,5점 척도 평균(점),3.82,score(1-5),710.0,"741,742",easyocr+label_targeted_row_lookup,0.3602,auto_extracted,
호주,1-33,관심도,,본인 관심도 변화 (1년 전 대비) - 5점 척도 평균(점),3.49,score(1-5),710.0,776,easyocr+label_targeted_row_lookup,0.9995,auto_extracted,
호주,1-33,관심도,,본인 관심도 변화 (1년 후 예상) - 5점 척도 평균(점),3.4,score(1-5),710.0,776,easyocr+label_targeted_row_lookup,0.9997,auto_extracted,
호주,1-33,관심도,,자국민 관심도 변화 (1년 전 대비) - 5점 척도 평균(점),3.5,score(1-5),710.0,776,easyocr+label_targeted_row_lookup,0.9989,auto_extracted,
호주,1-33,관심도,,자국민 관심도 변화 (1년 후 예상) - 5점 척도 평균(점),3.51,score(1-5),710.0,776,easyocr+label_targeted_row_lookup,0.9905,auto_extracted,
호주,1-33,관심도,,본인 소비지출 의향 변화 (1년 전 대비) - 5점 척도 평균(점),3.42,score(1-5),710.0,776,easyocr+label_targeted_row_lookup,0.9992,auto_extracted,
호주,1-33,관심도,,본인 소비지출 의향 변화 (1년 후 예상) - 5점 척도 평균(점),3.4,score(1-5),710.0,776,easyocr+label_targeted_row_lookup,0.9997,auto_extracted,
호주,1-35,인식변화,,매우 부정적으로 변함,0.7,%,710.0,778,easyocr+label_targeted_row_lookup,0.9836,auto_extracted,
호주,1-35,인식변화,,약간 부정적으로 변함,1.7,%,710.0,778,easyocr+label_targeted_row_lookup,0.8225,auto_extracted,
호주,1-35,인식변화,,변화 없음,33.7,%,710.0,778,easyocr+label_targeted_row_lookup,0.8894,auto_extracted,
호주,1-35,인식변화,,약간 긍정적으로 변함,42.4,%,710.0,778,easyocr+label_targeted_row_lookup,0.921,auto_extracted,
호주,1-35,인식변화,,매우 긍정적으로 변함,21.5,%,710.0,778,easyocr+label_targeted_row_lookup,1.0,auto_extracted,
호주,1-35,인식변화,,5점 척도 평균(점),3.82,score(1-5),710.0,778,easyocr+label_targeted_row_lookup,0.999,auto_extracted,
호주,1-41,관광경험,,한국 관광 - 구매(방문) 경험률(%),35.0,%,710.0,781,easyocr+label_targeted_row_lookup,0.9996,auto_extracted,
호주,1-41,관광경험,,한국 관광 - 평균 구매(방문) 횟수(회),1.11,회,710.0,781,easyocr+label_targeted_row_lookup,0.997,auto_extracted,
미국,1-16,호감도,드라마,5점 척도 평균(점),4.19,score(1-5),569.0,"801,802",easyocr+label_targeted_row_lookup,0.9294,auto_extracted,
미국,1-16,호감도,예능,5점 척도 평균(점),4.13,score(1-5),574.0,"801,802",easyocr+label_targeted_row_lookup,0.9978,auto_extracted,
미국,1-16,호감도,영화,5점 척도 평균(점),4.15,score(1-5),580.0,"801,802",easyocr+label_targeted_row_lookup,0.5468,auto_extracted,
미국,1-16,호감도,음악,5점 척도 평균(점),3.88,score(1-5),581.0,"801,802",easyocr+label_targeted_row_lookup,0.7721,auto_extracted,
미국,1-16,호감도,애니메이션,5점 척도 평균(점),4.1,score(1-5),576.0,"801,802",easyocr+label_targeted_row_lookup,0.9963,auto_extracted,
미국,1-16,호감도,출판물,5점 척도 평균(점),4.16,score(1-5),422.0,"801,802",easyocr+label_targeted_row_lookup,0.7725,auto_extracted,
미국,1-16,호감도,웹툰,5점 척도 평균(점),4.26,score(1-5),459.0,"801,802",easyocr+label_targeted_row_lookup,0.9876,auto_extracted,
미국,1-16,호감도,게임,5점 척도 평균(점),4.1,score(1-5),567.0,"801,802",easyocr+label_targeted_row_lookup,0.9695,auto_extracted,
미국,1-16,호감도,패션,5점 척도 평균(점),4.14,score(1-5),572.0,"801,802",easyocr+label_targeted_row_lookup,0.9983,auto_extracted,
미국,1-16,호감도,뷰티,5점 척도 평균(점),4.16,score(1-5),573.0,"801,802",easyocr+label_targeted_row_lookup,0.9966,auto_extracted,
미국,1-16,호감도,음식,5점 척도 평균(점),4.16,score(1-5),585.0,"801,802",easyocr+label_targeted_row_lookup,0.9966,auto_extracted,
미국,1-16,호감도,한국어,5점 척도 평균(점),4.19,score(1-5),319.0,"801,802",easyocr+label_targeted_row_lookup,0.5955,auto_extracted,
미국,1-16,호감도,전반적 만족도,5점 척도 평균(점),3.96,score(1-5),1300.0,"801,802",easyocr+label_targeted_row_lookup,0.8596,auto_extracted,
미국,1-33,관심도,,본인 관심도 변화 (1년 전 대비) - 5점 척도 평균(점),3.7,score(1-5),1300.0,836,easyocr+label_targeted_row_lookup,0.9988,auto_extracted,
미국,1-33,관심도,,본인 관심도 변화 (1년 후 예상) - 5점 척도 평균(점),3.59,score(1-5),1300.0,836,easyocr+label_targeted_row_lookup,0.9987,auto_extracted,
미국,1-33,관심도,,자국민 관심도 변화 (1년 전 대비) - 5점 척도 평균(점),3.68,score(1-5),1300.0,836,easyocr+label_targeted_row_lookup,0.7005,auto_extracted,
미국,1-33,관심도,,자국민 관심도 변화 (1년 후 예상) - 5점 척도 평균(점),3.62,score(1-5),1300.0,836,easyocr+label_targeted_row_lookup,0.8906,auto_extracted,
미국,1-33,관심도,,본인 소비지출 의향 변화 (1년 전 대비) - 5점 척도 평균(점),3.53,score(1-5),1300.0,836,easyocr+label_targeted_row_lookup,0.5556,auto_extracted,
미국,1-33,관심도,,본인 소비지출 의향 변화 (1년 후 예상) - 5점 척도 평균(점),3.53,score(1-5),1300.0,836,easyocr+label_targeted_row_lookup,0.5556,auto_extracted,
미국,1-35,인식변화,,매우 부정적으로 변함,0.8,%,1300.0,838,easyocr+label_targeted_row_lookup,0.8042,auto_extracted,
미국,1-35,인식변화,,약간 부정적으로 변함,3.0,%,1300.0,838,easyocr+label_targeted_row_lookup,0.6437,auto_extracted,
미국,1-35,인식변화,,변화 없음,28.2,%,1300.0,838,easyocr+label_targeted_row_lookup,0.929,auto_extracted,
미국,1-35,인식변화,,약간 긍정적으로 변함,38.8,%,1300.0,838,easyocr+label_targeted_row_lookup,0.5928,auto_extracted,
미국,1-35,인식변화,,매우 긍정적으로 변함,29.1,%,1300.0,838,easyocr+label_targeted_row_lookup,1.0,auto_extracted,
미국,1-35,인식변화,,5점 척도 평균(점),3.92,score(1-5),1300.0,838,easyocr+label_targeted_row_lookup,0.8783,auto_extracted,
미국,1-41,관광경험,,한국 관광 - 구매(방문) 경험률(%),36.9,%,1300.0,841,easyocr+label_targeted_row_lookup,0.9607,auto_extracted,
미국,1-41,관광경험,,한국 관광 - 평균 구매(방문) 횟수(회),1.38,회,1300.0,841,easyocr+label_targeted_row_lookup,0.6476,auto_extracted,
캐나다,1-16,호감도,드라마,5점 척도 평균(점),3.95,score(1-5),344.0,"861,862",easyocr+label_targeted_row_lookup,0.7682,auto_extracted,
캐나다,1-16,호감도,예능,5점 척도 평균(점),3.89,score(1-5),347.0,"861,862",easyocr+label_targeted_row_lookup,0.5918,auto_extracted,
캐나다,1-16,호감도,영화,5점 척도 평균(점),3.87,score(1-5),351.0,"861,862",easyocr+label_targeted_row_lookup,0.603,auto_extracted,
캐나다,1-16,호감도,음악,5점 척도 평균(점),3.49,score(1-5),374.0,"861,862",easyocr+label_targeted_row_lookup,0.9999,auto_extracted,
캐나다,1-16,호감도,애니메이션,5점 척도 평균(점),3.78,score(1-5),345.0,"861,862",easyocr+label_targeted_row_lookup,0.9992,auto_extracted,
캐나다,1-16,호감도,출판물,5점 척도 평균(점),3.89,score(1-5),182.0,"861,862",easyocr+label_targeted_row_lookup,0.6919,auto_extracted,
캐나다,1-16,호감도,웹툰,5점 척도 평균(점),3.86,score(1-5),215.0,"861,862",easyocr+label_targeted_row_lookup,0.4789,auto_extracted,
캐나다,1-16,호감도,게임,5점 척도 평균(점),3.82,score(1-5),307.0,"861,862",easyocr+label_targeted_row_lookup,0.6088,auto_extracted,
캐나다,1-16,호감도,패션,5점 척도 평균(점),3.83,score(1-5),341.0,"861,862",easyocr+label_targeted_row_lookup,0.8169,auto_extracted,
캐나다,1-16,호감도,뷰티,5점 척도 평균(점),3.88,score(1-5),344.0,"861,862",easyocr+label_targeted_row_lookup,0.7096,auto_extracted,
캐나다,1-16,호감도,음식,5점 척도 평균(점),4.01,score(1-5),368.0,"861,862",easyocr+label_targeted_row_lookup,0.9999,auto_extracted,
캐나다,1-16,호감도,한국어,5점 척도 평균(점),3.97,score(1-5),146.0,"861,862",easyocr+label_targeted_row_lookup,0.9991,auto_extracted,
캐나다,1-16,호감도,전반적 만족도,5점 척도 평균(점),3.71,score(1-5),800.0,"861,862",easyocr+label_targeted_row_lookup,0.799,auto_extracted,
캐나다,1-33,관심도,,본인 관심도 변화 (1년 전 대비) - 5점 척도 평균(점),3.36,score(1-5),800.0,896,easyocr+label_targeted_row_lookup,0.9964,auto_extracted,
캐나다,1-33,관심도,,본인 관심도 변화 (1년 후 예상) - 5점 척도 평균(점),3.3,score(1-5),800.0,896,easyocr+label_targeted_row_lookup,0.9976,auto_extracted,
캐나다,1-33,관심도,,자국민 관심도 변화 (1년 전 대비) - 5점 척도 평균(점),3.43,score(1-5),800.0,896,easyocr+label_targeted_row_lookup,0.9985,auto_extracted,
캐나다,1-33,관심도,,자국민 관심도 변화 (1년 후 예상) - 5점 척도 평균(점),3.44,score(1-5),800.0,896,easyocr+label_targeted_row_lookup,0.999,auto_extracted,
캐나다,1-33,관심도,,본인 소비지출 의향 변화 (1년 전 대비) - 5점 척도 평균(점),3.25,score(1-5),800.0,896,easyocr+label_targeted_row_lookup,0.9981,auto_extracted,
캐나다,1-33,관심도,,본인 소비지출 의향 변화 (1년 후 예상) - 5점 척도 평균(점),3.25,score(1-5),800.0,896,easyocr+label_targeted_row_lookup,0.9981,auto_extracted,
캐나다,1-35,인식변화,,매우 부정적으로 변함,1.0,%,800.0,898,easyocr+label_targeted_row_lookup,0.5958,auto_extracted,
캐나다,1-35,인식변화,,약간 부정적으로 변함,2.5,%,800.0,898,easyocr+label_targeted_row_lookup,0.5456,auto_extracted,
캐나다,1-35,인식변화,,변화 없음,39.9,%,800.0,898,easyocr+label_targeted_row_lookup,0.6846,auto_extracted,
캐나다,1-35,인식변화,,약간 긍정적으로 변함,39.0,%,800.0,898,easyocr+label_targeted_row_lookup,0.7822,auto_extracted,
캐나다,1-35,인식변화,,매우 긍정적으로 변함,17.7,%,800.0,898,easyocr+label_targeted_row_lookup,0.9987,auto_extracted,
캐나다,1-35,인식변화,,5점 척도 평균(점),3.7,score(1-5),800.0,898,easyocr+label_targeted_row_lookup,0.8063,auto_extracted,
캐나다,1-41,관광경험,,한국 관광 - 구매(방문) 경험률(%),21.6,%,800.0,901,easyocr+label_targeted_row_lookup,0.9999,auto_extracted,
캐나다,1-41,관광경험,,한국 관광 - 평균 구매(방문) 횟수(회),0.77,회,800.0,901,easyocr+label_targeted_row_lookup,0.999,auto_extracted,
멕시코,1-16,호감도,드라마,5점 척도 평균(점),4.07,score(1-5),476.0,"921,922",easyocr+label_targeted_row_lookup,0.9993,auto_extracted,
멕시코,1-16,호감도,예능,5점 척도 평균(점),4.04,score(1-5),469.0,"921,922",easyocr+label_targeted_row_lookup,0.8922,auto_extracted,
멕시코,1-16,호감도,영화,5점 척도 평균(점),4.05,score(1-5),476.0,"921,922",easyocr+label_targeted_row_lookup,0.9854,auto_extracted,
멕시코,1-16,호감도,음악,5점 척도 평균(점),3.92,score(1-5),475.0,"921,922",easyocr+label_targeted_row_lookup,0.6167,auto_extracted,
멕시코,1-16,호감도,애니메이션,5점 척도 평균(점),3.9,score(1-5),477.0,"921,922",easyocr+label_targeted_row_lookup,0.9674,auto_extracted,
멕시코,1-16,호감도,출판물,5점 척도 평균(점),4.0,score(1-5),448.0,"921,922",easyocr+label_targeted_row_lookup,0.9998,auto_extracted,
멕시코,1-16,호감도,웹툰,5점 척도 평균(점),4.04,score(1-5),478.0,"921,922",easyocr+label_targeted_row_lookup,0.9742,auto_extracted,
멕시코,1-16,호감도,게임,5점 척도 평균(점),3.97,score(1-5),460.0,"921,922",easyocr+label_targeted_row_lookup,0.9991,auto_extracted,
멕시코,1-16,호감도,패션,5점 척도 평균(점),4.07,score(1-5),476.0,"921,922",easyocr+label_targeted_row_lookup,0.6468,auto_extracted,
멕시코,1-16,호감도,뷰티,5점 척도 평균(점),4.02,score(1-5),474.0,"921,922",easyocr+label_targeted_row_lookup,0.9775,auto_extracted,
멕시코,1-16,호감도,음식,5점 척도 평균(점),4.13,score(1-5),478.0,"921,922",easyocr+label_targeted_row_lookup,0.3948,auto_extracted,
멕시코,1-16,호감도,한국어,5점 척도 평균(점),4.28,score(1-5),218.0,"921,922",easyocr+label_targeted_row_lookup,0.6733,auto_extracted,
멕시코,1-16,호감도,전반적 만족도,5점 척도 평균(점),4.07,score(1-5),960.0,"921,922",easyocr+label_targeted_row_lookup,0.9993,auto_extracted,
멕시코,1-33,관심도,,본인 관심도 변화 (1년 전 대비) - 5점 척도 평균(점),3.69,score(1-5),960.0,956,easyocr+label_targeted_row_lookup,0.3888,auto_extracted,
멕시코,1-33,관심도,,본인 관심도 변화 (1년 후 예상) - 5점 척도 평균(점),3.64,score(1-5),960.0,956,easyocr+label_targeted_row_lookup,0.9973,auto_extracted,
멕시코,1-33,관심도,,자국민 관심도 변화 (1년 전 대비) - 5점 척도 평균(점),3.82,score(1-5),960.0,956,easyocr+label_targeted_row_lookup,0.3602,auto_extracted,
멕시코,1-33,관심도,,자국민 관심도 변화 (1년 후 예상) - 5점 척도 평균(점),3.76,score(1-5),960.0,956,easyocr+label_targeted_row_lookup,0.9184,auto_extracted,
멕시코,1-33,관심도,,본인 소비지출 의향 변화 (1년 전 대비) - 5점 척도 평균(점),3.52,score(1-5),960.0,956,easyocr+label_targeted_row_lookup,0.7147,auto_extracted,
멕시코,1-33,관심도,,본인 소비지출 의향 변화 (1년 후 예상) - 5점 척도 평균(점),3.5,score(1-5),960.0,956,easyocr+label_targeted_row_lookup,0.9975,auto_extracted,
멕시코,1-35,인식변화,,매우 부정적으로 변함,0.7,%,960.0,958,easyocr+label_targeted_row_lookup,0.9998,auto_extracted,
멕시코,1-35,인식변화,,약간 부정적으로 변함,2.6,%,960.0,958,easyocr+label_targeted_row_lookup,0.9998,auto_extracted,
멕시코,1-35,인식변화,,변화 없음,19.7,%,960.0,958,easyocr+label_targeted_row_lookup,0.7245,auto_extracted,
멕시코,1-35,인식변화,,약간 긍정적으로 변함,45.3,%,960.0,958,easyocr+label_targeted_row_lookup,1.0,auto_extracted,
멕시코,1-35,인식변화,,매우 긍정적으로 변함,31.6,%,960.0,958,easyocr+label_targeted_row_lookup,0.9993,auto_extracted,
멕시코,1-35,인식변화,,5점 척도 평균(점),4.05,score(1-5),960.0,958,easyocr+label_targeted_row_lookup,0.9991,auto_extracted,
멕시코,1-41,관광경험,,한국 관광 - 구매(방문) 경험률(%),28.4,%,960.0,961,easyocr+label_targeted_row_lookup,0.9887,auto_extracted,
멕시코,1-41,관광경험,,한국 관광 - 평균 구매(방문) 횟수(회),0.85,회,960.0,961,easyocr+label_targeted_row_lookup,0.9988,auto_extracted,
브라질,1-16,호감도,드라마,5점 척도 평균(점),4.09,score(1-5),536.0,"981,982",easyocr+label_targeted_row_lookup,0.9998,auto_extracted,
브라질,1-16,호감도,예능,5점 척도 평균(점),4.12,score(1-5),522.0,"981,982",easyocr+label_targeted_row_lookup,0.9991,auto_extracted,
브라질,1-16,호감도,영화,5점 척도 평균(점),3.94,score(1-5),539.0,"981,982",easyocr+label_targeted_row_lookup,0.7771,auto_extracted,
브라질,1-16,호감도,음악,5점 척도 평균(점),3.82,score(1-5),535.0,"981,982",easyocr+label_targeted_row_lookup,0.6088,auto_extracted,
브라질,1-16,호감도,애니메이션,5점 척도 평균(점),4.02,score(1-5),532.0,"981,982",easyocr+label_targeted_row_lookup,0.9775,auto_extracted,
브라질,1-16,호감도,출판물,5점 척도 평균(점),3.98,score(1-5),505.0,"981,982",easyocr+label_targeted_row_lookup,0.9999,auto_extracted,
브라질,1-16,호감도,웹툰,5점 척도 평균(점),4.22,score(1-5),317.0,"981,982",easyocr+label_targeted_row_lookup,0.9923,auto_extracted,
브라질,1-16,호감도,게임,5점 척도 평균(점),4.1,score(1-5),521.0,"981,982",easyocr+label_targeted_row_lookup,0.9991,auto_extracted,
브라질,1-16,호감도,패션,5점 척도 평균(점),4.09,score(1-5),520.0,"981,982",easyocr+label_targeted_row_lookup,0.8801,auto_extracted,
브라질,1-16,호감도,뷰티,5점 척도 평균(점),4.06,score(1-5),527.0,"981,982",easyocr+label_targeted_row_lookup,0.9678,auto_extracted,
브라질,1-16,호감도,음식,5점 척도 평균(점),4.06,score(1-5),504.0,"981,982",easyocr+label_targeted_row_lookup,0.9678,auto_extracted,
브라질,1-16,호감도,한국어,5점 척도 평균(점),4.34,score(1-5),222.0,"981,982",easyocr+label_targeted_row_lookup,0.5756,auto_extracted,
브라질,1-16,호감도,전반적 만족도,5점 척도 평균(점),3.98,score(1-5),1100.0,"981,982",easyocr+label_targeted_row_lookup,0.9999,auto_extracted,
브라질,1-33,관심도,,본인 관심도 변화 (1년 전 대비) - 5점 척도 평균(점),3.68,score(1-5),1100.0,1016,easyocr+label_targeted_row_lookup,0.7741,auto_extracted,
브라질,1-33,관심도,,본인 관심도 변화 (1년 후 예상) - 5점 척도 평균(점),3.61,score(1-5),1100.0,1016,easyocr+label_targeted_row_lookup,0.9982,auto_extracted,
브라질,1-33,관심도,,자국민 관심도 변화 (1년 전 대비) - 5점 척도 평균(점),3.83,score(1-5),1100.0,1016,easyocr+label_targeted_row_lookup,0.6601,auto_extracted,
브라질,1-33,관심도,,자국민 관심도 변화 (1년 후 예상) - 5점 척도 평균(점),3.82,score(1-5),1100.0,1016,easyocr+label_targeted_row_lookup,0.3602,auto_extracted,
브라질,1-33,관심도,,본인 소비지출 의향 변화 (1년 전 대비) - 5점 척도 평균(점),3.49,score(1-5),1100.0,1016,easyocr+label_targeted_row_lookup,0.4512,auto_extracted,
브라질,1-33,관심도,,본인 소비지출 의향 변화 (1년 후 예상) - 5점 척도 평균(점),3.5,score(1-5),1100.0,1016,easyocr+label_targeted_row_lookup,0.9975,auto_extracted,
브라질,1-35,인식변화,,매우 부정적으로 변함,0.6,%,1100.0,1018,easyocr+label_targeted_row_lookup,0.4286,auto_extracted,
브라질,1-35,인식변화,,약간 부정적으로 변함,2.4,%,1100.0,1018,easyocr+label_targeted_row_lookup,1.0,auto_extracted,
브라질,1-35,인식변화,,변화 없음,20.4,%,1100.0,1018,easyocr+label_targeted_row_lookup,0.8375,auto_extracted,
브라질,1-35,인식변화,,약간 긍정적으로 변함,41.5,%,1100.0,1018,easyocr+label_targeted_row_lookup,0.9999,auto_extracted,
브라질,1-35,인식변화,,매우 긍정적으로 변함,35.1,%,1100.0,1018,easyocr+label_targeted_row_lookup,0.9996,auto_extracted,
브라질,1-35,인식변화,,5점 척도 평균(점),4.08,score(1-5),1100.0,1018,easyocr+label_targeted_row_lookup,0.9991,auto_extracted,
브라질,1-41,관광경험,,한국 관광 - 구매(방문) 경험률(%),24.8,%,1100.0,1021,easyocr+label_targeted_row_lookup,0.9868,auto_extracted,
브라질,1-41,관광경험,,한국 관광 - 평균 구매(방문) 횟수(회),1.02,회,1100.0,1021,easyocr+label_targeted_row_lookup,1.0,auto_extracted,
아르헨티나,1-16,호감도,드라마,5점 척도 평균(점),3.78,score(1-5),352.0,"1041,1042",easyocr+label_targeted_row_lookup,0.7987,auto_extracted,
아르헨티나,1-16,호감도,예능,5점 척도 평균(점),3.74,score(1-5),337.0,"1041,1042",easyocr+label_targeted_row_lookup,0.582,auto_extracted,
아르헨티나,1-16,호감도,영화,5점 척도 평균(점),3.66,score(1-5),345.0,"1041,1042",easyocr+label_targeted_row_lookup,0.4879,auto_extracted,
아르헨티나,1-16,호감도,음악,5점 척도 평균(점),3.66,score(1-5),354.0,"1041,1042",easyocr+label_targeted_row_lookup,0.4879,auto_extracted,
아르헨티나,1-16,호감도,애니메이션,5점 척도 평균(점),3.66,score(1-5),352.0,"1041,1042",easyocr+label_targeted_row_lookup,0.4879,auto_extracted,
아르헨티나,1-16,호감도,출판물,5점 척도 평균(점),3.68,score(1-5),295.0,"1041,1042",easyocr+label_targeted_row_lookup,0.7747,auto_extracted,
아르헨티나,1-16,호감도,웹툰,5점 척도 평균(점),3.85,score(1-5),351.0,"1041,1042",easyocr+label_targeted_row_lookup,0.8215,auto_extracted,
아르헨티나,1-16,호감도,게임,5점 척도 평균(점),3.78,score(1-5),351.0,"1041,1042",easyocr+label_targeted_row_lookup,0.7987,auto_extracted,
아르헨티나,1-16,호감도,패션,5점 척도 평균(점),3.84,score(1-5),345.0,"1041,1042",easyocr+label_targeted_row_lookup,0.4536,auto_extracted,
아르헨티나,1-16,호감도,뷰티,5점 척도 평균(점),3.81,score(1-5),355.0,"1041,1042",easyocr+label_targeted_row_lookup,0.5871,auto_extracted,
아르헨티나,1-16,호감도,음식,5점 척도 평균(점),3.95,score(1-5),352.0,"1041,1042",easyocr+label_targeted_row_lookup,0.9998,auto_extracted,
아르헨티나,1-16,호감도,한국어,5점 척도 평균(점),4.19,score(1-5),120.0,"1041,1042",easyocr+label_targeted_row_lookup,0.5003,auto_extracted,
아르헨티나,1-16,호감도,전반적 만족도,5점 척도 평균(점),3.72,score(1-5),800.0,"1041,1042",easyocr+label_targeted_row_lookup,0.8298,auto_extracted,
아르헨티나,1-33,관심도,,본인 관심도 변화 (1년 전 대비) - 5점 척도 평균(점),3.27,score(1-5),800.0,1076,easyocr+label_targeted_row_lookup,0.9971,auto_extracted,
아르헨티나,1-33,관심도,,본인 관심도 변화 (1년 후 예상) - 5점 척도 평균(점),3.25,score(1-5),800.0,1076,easyocr+label_targeted_row_lookup,0.9981,auto_extracted,
아르헨티나,1-33,관심도,,자국민 관심도 변화 (1년 전 대비) - 5점 척도 평균(점),3.37,score(1-5),800.0,1076,easyocr+label_targeted_row_lookup,0.9532,auto_extracted,
아르헨티나,1-33,관심도,,자국민 관심도 변화 (1년 후 예상) - 5점 척도 평균(점),3.42,score(1-5),800.0,1076,easyocr+label_targeted_row_lookup,0.9984,auto_extracted,
아르헨티나,1-33,관심도,,본인 소비지출 의향 변화 (1년 전 대비) - 5점 척도 평균(점),3.07,score(1-5),800.0,1076,easyocr+label_targeted_row_lookup,0.9727,auto_extracted,
아르헨티나,1-33,관심도,,본인 소비지출 의향 변화 (1년 후 예상) - 5점 척도 평균(점),3.09,score(1-5),800.0,1076,easyocr+label_targeted_row_lookup,0.9097,auto_extracted,
아르헨티나,1-35,인식변화,,매우 부정적으로 변함,1.6,%,800.0,1078,easyocr+label_targeted_row_lookup,0.3226,auto_extracted,
아르헨티나,1-35,인식변화,,약간 부정적으로 변함,2.8,%,800.0,1078,easyocr+label_targeted_row_lookup,0.7078,auto_extracted,
아르헨티나,1-35,인식변화,,변화 없음,35.0,%,800.0,1078,easyocr+label_targeted_row_lookup,0.9912,auto_extracted,
아르헨티나,1-35,인식변화,,약간 긍정적으로 변함,43.6,%,800.0,1078,easyocr+label_targeted_row_lookup,0.6465,auto_extracted,
아르헨티나,1-35,인식변화,,매우 긍정적으로 변함,17.0,%,800.0,1078,easyocr+label_targeted_row_lookup,1.0,auto_extracted,
아르헨티나,1-35,인식변화,,5점 척도 평균(점),3.72,score(1-5),800.0,1078,easyocr+label_targeted_row_lookup,0.7629,auto_extracted,
아르헨티나,1-41,관광경험,,한국 관광 - 구매(방문) 경험률(%),19.5,%,800.0,1081,easyocr+label_targeted_row_lookup,0.5726,auto_extracted,
아르헨티나,1-41,관광경험,,한국 관광 - 평균 구매(방문) 횟수(회),0.56,회,800.0,1081,easyocr+label_targeted_row_lookup,0.9975,auto_extracted,
칠레,1-16,호감도,드라마,5점 척도 평균(점),3.81,score(1-5),242.0,"1101,1102",easyocr+label_targeted_row_lookup,0.7928,auto_extracted,
칠레,1-16,호감도,예능,5점 척도 평균(점),3.87,score(1-5),232.0,"1101,1102",easyocr+label_targeted_row_lookup,0.9099,auto_extracted,
칠레,1-16,호감도,영화,5점 척도 평균(점),3.8,score(1-5),235.0,"1101,1102",easyocr+label_targeted_row_lookup,0.9958,auto_extracted,
칠레,1-16,호감도,음악,5점 척도 평균(점),3.71,score(1-5),238.0,"1101,1102",easyocr+label_targeted_row_lookup,0.9913,auto_extracted,
칠레,1-16,호감도,애니메이션,5점 척도 평균(점),3.8,score(1-5),239.0,"1101,1102",easyocr+label_targeted_row_lookup,0.4209,auto_extracted,
칠레,1-16,호감도,출판물,5점 척도 평균(점),3.88,score(1-5),205.0,"1101,1102",easyocr+label_targeted_row_lookup,0.8511,auto_extracted,
칠레,1-16,호감도,웹툰,5점 척도 평균(점),3.83,score(1-5),231.0,"1101,1102",easyocr+label_targeted_row_lookup,0.4974,auto_extracted,
칠레,1-16,호감도,게임,5점 척도 평균(점),3.93,score(1-5),236.0,"1101,1102",easyocr+label_targeted_row_lookup,0.9811,auto_extracted,
칠레,1-16,호감도,패션,5점 척도 평균(점),3.95,score(1-5),237.0,"1101,1102",easyocr+label_targeted_row_lookup,0.9916,auto_extracted,
칠레,1-16,호감도,뷰티,5점 척도 평균(점),4.04,score(1-5),237.0,"1101,1102",easyocr+label_targeted_row_lookup,0.741,auto_extracted,
칠레,1-16,호감도,음식,5점 척도 평균(점),3.92,score(1-5),236.0,"1101,1102",easyocr+label_targeted_row_lookup,0.65,auto_extracted,
칠레,1-16,호감도,한국어,5점 척도 평균(점),4.16,score(1-5),105.0,"1101,1102",easyocr+label_targeted_row_lookup,0.9536,auto_extracted,
칠레,1-16,호감도,전반적 만족도,5점 척도 평균(점),3.83,score(1-5),500.0,"1101,1102",easyocr+label_targeted_row_lookup,0.5686,auto_extracted,
칠레,1-33,관심도,,본인 관심도 변화 (1년 전 대비) - 5점 척도 평균(점),3.43,score(1-5),500.0,1136,easyocr+label_targeted_row_lookup,0.9969,auto_extracted,
칠레,1-33,관심도,,본인 관심도 변화 (1년 후 예상) - 5점 척도 평균(점),3.39,score(1-5),500.0,1136,easyocr+label_targeted_row_lookup,0.9986,auto_extracted,
칠레,1-33,관심도,,자국민 관심도 변화 (1년 전 대비) - 5점 척도 평균(점),3.68,score(1-5),500.0,1136,easyocr+label_targeted_row_lookup,0.767,auto_extracted,
칠레,1-33,관심도,,자국민 관심도 변화 (1년 후 예상) - 5점 척도 평균(점),3.59,score(1-5),500.0,1136,easyocr+label_targeted_row_lookup,0.5476,auto_extracted,
칠레,1-33,관심도,,본인 소비지출 의향 변화 (1년 전 대비) - 5점 척도 평균(점),3.26,score(1-5),500.0,1136,easyocr+label_targeted_row_lookup,0.9933,auto_extracted,
칠레,1-33,관심도,,본인 소비지출 의향 변화 (1년 후 예상) - 5점 척도 평균(점),3.31,score(1-5),500.0,1136,easyocr+label_targeted_row_lookup,0.999,auto_extracted,
칠레,1-35,인식변화,,매우 부정적으로 변함,1.4,%,500.0,1138,easyocr+label_targeted_row_lookup,0.6509,auto_extracted,
칠레,1-35,인식변화,,약간 부정적으로 변함,2.8,%,500.0,1138,easyocr+label_targeted_row_lookup,0.8908,auto_extracted,
칠레,1-35,인식변화,,변화 없음,25.8,%,500.0,1138,easyocr+label_targeted_row_lookup,1.0,auto_extracted,
칠레,1-35,인식변화,,약간 긍정적으로 변함,48.2,%,500.0,1138,easyocr+label_targeted_row_lookup,0.9827,auto_extracted,
칠레,1-35,인식변화,,매우 긍정적으로 변함,21.8,%,500.0,1138,easyocr+label_targeted_row_lookup,0.9986,auto_extracted,
칠레,1-35,인식변화,,5점 척도 평균(점),3.86,score(1-5),500.0,1138,easyocr+label_targeted_row_lookup,0.9965,auto_extracted,
칠레,1-41,관광경험,,한국 관광 - 구매(방문) 경험률(%),20.2,%,500.0,1141,easyocr+label_targeted_row_lookup,0.9267,auto_extracted,
칠레,1-41,관광경험,,한국 관광 - 평균 구매(방문) 횟수(회),1.11,회,500.0,1141,easyocr+label_targeted_row_lookup,0.9996,auto_extracted,
영국,1-16,호감도,드라마,5점 척도 평균(점),4.2,score(1-5),385.0,"1161,1162",easyocr+label_targeted_row_lookup,0.7157,auto_extracted,
영국,1-16,호감도,예능,5점 척도 평균(점),4.13,score(1-5),387.0,"1161,1162",easyocr+label_targeted_row_lookup,0.9978,auto_extracted,
영국,1-16,호감도,영화,5점 척도 평균(점),4.21,score(1-5),389.0,"1161,1162",easyocr+label_targeted_row_lookup,0.9982,auto_extracted,
영국,1-16,호감도,음악,5점 척도 평균(점),3.78,score(1-5),403.0,"1161,1162",easyocr+label_targeted_row_lookup,0.9979,auto_extracted,
영국,1-16,호감도,애니메이션,5점 척도 평균(점),4.03,score(1-5),395.0,"1161,1162",easyocr+label_targeted_row_lookup,0.9495,auto_extracted,
영국,1-16,호감도,출판물,5점 척도 평균(점),4.26,score(1-5),260.0,"1161,1162",easyocr+label_targeted_row_lookup,0.7428,auto_extracted,
영국,1-16,호감도,웹툰,5점 척도 평균(점),4.3,score(1-5),209.0,"1161,1162",easyocr+label_targeted_row_lookup,0.8404,auto_extracted,
영국,1-16,호감도,게임,5점 척도 평균(점),4.17,score(1-5),359.0,"1161,1162",easyocr+label_targeted_row_lookup,0.644,auto_extracted,
영국,1-16,호감도,패션,5점 척도 평균(점),4.14,score(1-5),386.0,"1161,1162",easyocr+label_targeted_row_lookup,0.9983,auto_extracted,
영국,1-16,호감도,뷰티,5점 척도 평균(점),4.13,score(1-5),381.0,"1161,1162",easyocr+label_targeted_row_lookup,0.9925,auto_extracted,
영국,1-16,호감도,음식,5점 척도 평균(점),4.07,score(1-5),399.0,"1161,1162",easyocr+label_targeted_row_lookup,0.9213,auto_extracted,
영국,1-16,호감도,한국어,5점 척도 평균(점),4.25,score(1-5),183.0,"1161,1162",easyocr+label_targeted_row_lookup,0.9991,auto_extracted,
영국,1-16,호감도,전반적 만족도,5점 척도 평균(점),3.91,score(1-5),850.0,"1161,1162",easyocr+label_targeted_row_lookup,0.6296,auto_extracted,
영국,1-33,관심도,,본인 관심도 변화 (1년 전 대비) - 5점 척도 평균(점),3.61,score(1-5),850.0,1196,easyocr+label_targeted_row_lookup,0.9995,auto_extracted,
영국,1-33,관심도,,본인 관심도 변화 (1년 후 예상) - 5점 척도 평균(점),3.53,score(1-5),850.0,1196,easyocr+label_targeted_row_lookup,0.5556,auto_extracted,
영국,1-33,관심도,,자국민 관심도 변화 (1년 전 대비) - 5점 척도 평균(점),3.59,score(1-5),850.0,1196,easyocr+label_targeted_row_lookup,0.9987,auto_extracted,
영국,1-33,관심도,,자국민 관심도 변화 (1년 후 예상) - 5점 척도 평균(점),3.62,score(1-5),850.0,1196,easyocr+label_targeted_row_lookup,0.8906,auto_extracted,
영국,1-33,관심도,,본인 소비지출 의향 변화 (1년 전 대비) - 5점 척도 평균(점),3.45,score(1-5),850.0,1196,easyocr+label_targeted_row_lookup,0.9996,auto_extracted,
영국,1-33,관심도,,본인 소비지출 의향 변화 (1년 후 예상) - 5점 척도 평균(점),3.46,score(1-5),850.0,1196,easyocr+label_targeted_row_lookup,0.9995,auto_extracted,
영국,1-35,인식변화,,매우 부정적으로 변함,0.7,%,850.0,1198,easyocr+label_targeted_row_lookup,0.9836,auto_extracted,
영국,1-35,인식변화,,약간 부정적으로 변함,3.2,%,850.0,1198,easyocr+label_targeted_row_lookup,0.9046,auto_extracted,
영국,1-35,인식변화,,변화 없음,26.5,%,850.0,1198,easyocr+label_targeted_row_lookup,0.9993,auto_extracted,
영국,1-35,인식변화,,약간 긍정적으로 변함,42.7,%,850.0,1198,easyocr+label_targeted_row_lookup,0.995,auto_extracted,
영국,1-35,인식변화,,매우 긍정적으로 변함,26.9,%,850.0,1198,easyocr+label_targeted_row_lookup,0.9419,auto_extracted,
영국,1-35,인식변화,,5점 척도 평균(점),3.92,score(1-5),850.0,1198,easyocr+label_targeted_row_lookup,0.8783,auto_extracted,
영국,1-41,관광경험,,한국 관광 - 구매(방문) 경험률(%),35.2,%,850.0,1201,easyocr+label_targeted_row_lookup,0.9972,auto_extracted,
영국,1-41,관광경험,,한국 관광 - 평균 구매(방문) 횟수(회),1.14,회,850.0,1201,easyocr+label_targeted_row_lookup,0.8857,auto_extracted,
프랑스,1-16,호감도,드라마,5점 척도 평균(점),3.79,score(1-5),366.0,"1221,1222",easyocr+label_targeted_row_lookup,0.9983,auto_extracted,
프랑스,1-16,호감도,예능,5점 척도 평균(점),3.89,score(1-5),271.0,"1221,1222",easyocr+label_targeted_row_lookup,0.7438,auto_extracted,
프랑스,1-16,호감도,영화,5점 척도 평균(점),3.66,score(1-5),365.0,"1221,1222",easyocr+label_targeted_row_lookup,0.5116,auto_extracted,
프랑스,1-16,호감도,음악,5점 척도 평균(점),3.21,score(1-5),373.0,"1221,1222",easyocr+label_targeted_row_lookup,0.5877,auto_extracted,
프랑스,1-16,호감도,애니메이션,5점 척도 평균(점),3.64,score(1-5),360.0,"1221,1222",easyocr+label_targeted_row_lookup,0.6228,auto_extracted,
프랑스,1-16,호감도,출판물,5점 척도 평균(점),3.78,score(1-5),237.0,"1221,1222",easyocr+label_targeted_row_lookup,0.9992,auto_extracted,
프랑스,1-16,호감도,웹툰,5점 척도 평균(점),3.91,score(1-5),259.0,"1221,1222",easyocr+label_targeted_row_lookup,0.9671,auto_extracted,
프랑스,1-16,호감도,게임,5점 척도 평균(점),3.65,score(1-5),358.0,"1221,1222",easyocr+label_targeted_row_lookup,0.9998,auto_extracted,
프랑스,1-16,호감도,패션,5점 척도 평균(점),3.77,score(1-5),292.0,"1221,1222",easyocr+label_targeted_row_lookup,0.9996,auto_extracted,
프랑스,1-16,호감도,뷰티,5점 척도 평균(점),3.81,score(1-5),351.0,"1221,1222",easyocr+label_targeted_row_lookup,0.6272,auto_extracted,
프랑스,1-16,호감도,음식,5점 척도 평균(점),3.76,score(1-5),369.0,"1221,1222",easyocr+label_targeted_row_lookup,0.8001,auto_extracted,
프랑스,1-16,호감도,한국어,5점 척도 평균(점),4.04,score(1-5),149.0,"1221,1222",easyocr+label_targeted_row_lookup,0.7536,auto_extracted,
프랑스,1-16,호감도,전반적 만족도,5점 척도 평균(점),3.57,score(1-5),850.0,"1221,1222",easyocr+label_targeted_row_lookup,0.9997,auto_extracted,
프랑스,1-33,관심도,,본인 관심도 변화 (1년 전 대비) - 5점 척도 평균(점),3.34,score(1-5),850.0,1256,easyocr+label_targeted_row_lookup,0.9851,auto_extracted,
프랑스,1-33,관심도,,본인 관심도 변화 (1년 후 예상) - 5점 척도 평균(점),3.26,score(1-5),850.0,1256,easyocr+label_targeted_row_lookup,0.7604,auto_extracted,
프랑스,1-33,관심도,,자국민 관심도 변화 (1년 전 대비) - 5점 척도 평균(점),3.31,score(1-5),850.0,1256,easyocr+label_targeted_row_lookup,0.9942,auto_extracted,
프랑스,1-33,관심도,,자국민 관심도 변화 (1년 후 예상) - 5점 척도 평균(점),3.29,score(1-5),850.0,1256,easyocr+label_targeted_row_lookup,0.5076,auto_extracted,
프랑스,1-33,관심도,,본인 소비지출 의향 변화 (1년 전 대비) - 5점 척도 평균(점),3.14,score(1-5),850.0,1256,easyocr+label_targeted_row_lookup,0.8732,auto_extracted,
프랑스,1-33,관심도,,본인 소비지출 의향 변화 (1년 후 예상) - 5점 척도 평균(점),3.16,score(1-5),850.0,1256,easyocr+label_targeted_row_lookup,0.9946,auto_extracted,
프랑스,1-35,인식변화,,매우 부정적으로 변함,1.3,%,850.0,1258,easyocr+label_targeted_row_lookup,0.7262,auto_extracted,
프랑스,1-35,인식변화,,약간 부정적으로 변함,4.9,%,850.0,1258,easyocr+label_targeted_row_lookup,0.6132,auto_extracted,
프랑스,1-35,인식변화,,변화 없음,39.0,%,850.0,1258,easyocr+label_targeted_row_lookup,0.9779,auto_extracted,
프랑스,1-35,인식변화,,약간 긍정적으로 변함,41.4,%,850.0,1258,easyocr+label_targeted_row_lookup,0.9997,auto_extracted,
프랑스,1-35,인식변화,,매우 긍정적으로 변함,13.4,%,850.0,1258,easyocr+label_targeted_row_lookup,0.9998,auto_extracted,
프랑스,1-35,인식변화,,5점 척도 평균(점),3.61,score(1-5),850.0,1258,easyocr+label_targeted_row_lookup,0.9982,auto_extracted,
프랑스,1-41,관광경험,,한국 관광 - 구매(방문) 경험률(%),21.0,%,850.0,1261,easyocr+label_targeted_row_lookup,1.0,auto_extracted,
프랑스,1-41,관광경험,,한국 관광 - 평균 구매(방문) 횟수(회),0.71,회,850.0,1261,easyocr+label_targeted_row_lookup,0.9998,auto_extracted,
이탈리아,1-16,호감도,드라마,5점 척도 평균(점),3.64,score(1-5),382.0,"1281,1282",easyocr+label_targeted_row_lookup,0.8358,auto_extracted,
이탈리아,1-16,호감도,예능,5점 척도 평균(점),3.68,score(1-5),256.0,"1281,1282",easyocr+label_targeted_row_lookup,0.9995,auto_extracted,
이탈리아,1-16,호감도,영화,5점 척도 평균(점),3.64,score(1-5),385.0,"1281,1282",easyocr+label_targeted_row_lookup,0.6065,auto_extracted,
이탈리아,1-16,호감도,음악,5점 척도 평균(점),3.35,score(1-5),390.0,"1281,1282",easyocr+label_targeted_row_lookup,0.9975,auto_extracted,
이탈리아,1-16,호감도,애니메이션,5점 척도 평균(점),3.65,score(1-5),377.0,"1281,1282",easyocr+label_targeted_row_lookup,0.9948,auto_extracted,
이탈리아,1-16,호감도,출판물,5점 척도 평균(점),3.72,score(1-5),245.0,"1281,1282",easyocr+label_targeted_row_lookup,0.9995,auto_extracted,
이탈리아,1-16,호감도,웹툰,5점 척도 평균(점),3.72,score(1-5),142.0,"1281,1282",easyocr+label_targeted_row_lookup,0.6365,auto_extracted,
이탈리아,1-16,호감도,게임,5점 척도 평균(점),3.58,score(1-5),370.0,"1281,1282",easyocr+label_targeted_row_lookup,0.9998,auto_extracted,
이탈리아,1-16,호감도,패션,5점 척도 평균(점),3.69,score(1-5),301.0,"1281,1282",easyocr+label_targeted_row_lookup,0.7592,auto_extracted,
이탈리아,1-16,호감도,뷰티,5점 척도 평균(점),3.96,score(1-5),368.0,"1281,1282",easyocr+label_targeted_row_lookup,0.8512,auto_extracted,
이탈리아,1-16,호감도,음식,5점 척도 평균(점),3.71,score(1-5),378.0,"1281,1282",easyocr+label_targeted_row_lookup,0.799,auto_extracted,
이탈리아,1-16,호감도,한국어,5점 척도 평균(점),3.89,score(1-5),87.0,"1281,1282",easyocr+label_targeted_row_lookup,0.5918,auto_extracted,
이탈리아,1-16,호감도,전반적 만족도,5점 척도 평균(점),3.52,score(1-5),840.0,"1281,1282",easyocr+label_targeted_row_lookup,0.9998,auto_extracted,
이탈리아,1-33,관심도,,본인 관심도 변화 (1년 전 대비) - 5점 척도 평균(점),3.25,score(1-5),840.0,1316,easyocr+label_targeted_row_lookup,0.6911,auto_extracted,
이탈리아,1-33,관심도,,본인 관심도 변화 (1년 후 예상) - 5점 척도 평균(점),3.17,score(1-5),840.0,1316,easyocr+label_targeted_row_lookup,0.9889,auto_extracted,
이탈리아,1-33,관심도,,자국민 관심도 변화 (1년 전 대비) - 5점 척도 평균(점),3.33,score(1-5),840.0,1316,easyocr+label_targeted_row_lookup,0.3804,auto_extracted,
이탈리아,1-33,관심도,,자국민 관심도 변화 (1년 후 예상) - 5점 척도 평균(점),3.29,score(1-5),840.0,1316,easyocr+label_targeted_row_lookup,0.5076,auto_extracted,
이탈리아,1-33,관심도,,본인 소비지출 의향 변화 (1년 전 대비) - 5점 척도 평균(점),3.15,score(1-5),840.0,1316,easyocr+label_targeted_row_lookup,0.8922,auto_extracted,
이탈리아,1-33,관심도,,본인 소비지출 의향 변화 (1년 후 예상) - 5점 척도 평균(점),3.11,score(1-5),840.0,1316,easyocr+label_targeted_row_lookup,0.9698,auto_extracted,
이탈리아,1-35,인식변화,,매우 부정적으로 변함,0.7,%,840.0,1318,easyocr+label_targeted_row_lookup,0.9998,auto_extracted,
이탈리아,1-35,인식변화,,약간 부정적으로 변함,3.1,%,840.0,1318,easyocr+label_targeted_row_lookup,0.9944,auto_extracted,
이탈리아,1-35,인식변화,,변화 없음,43.7,%,840.0,1318,easyocr+label_targeted_row_lookup,0.8329,auto_extracted,
이탈리아,1-35,인식변화,,약간 긍정적으로 변함,42.9,%,840.0,1318,easyocr+label_targeted_row_lookup,1.0,auto_extracted,
이탈리아,1-35,인식변화,,매우 긍정적으로 변함,9.7,%,840.0,1318,easyocr+label_targeted_row_lookup,0.72,auto_extracted,
이탈리아,1-35,인식변화,,5점 척도 평균(점),3.58,score(1-5),840.0,1318,easyocr+label_targeted_row_lookup,0.6996,auto_extracted,
이탈리아,1-41,관광경험,,한국 관광 - 구매(방문) 경험률(%),19.7,%,840.0,1321,easyocr+label_targeted_row_lookup,0.9957,auto_extracted,
이탈리아,1-41,관광경험,,한국 관광 - 평균 구매(방문) 횟수(회),0.67,회,840.0,1321,easyocr+label_targeted_row_lookup,0.7151,auto_extracted,
스페인,1-16,호감도,드라마,5점 척도 평균(점),3.93,score(1-5),345.0,"1341,1342",easyocr+label_targeted_row_lookup,0.9997,auto_extracted,
스페인,1-16,호감도,예능,5점 척도 평균(점),3.83,score(1-5),285.0,"1341,1342",easyocr+label_targeted_row_lookup,0.7968,auto_extracted,
스페인,1-16,호감도,영화,5점 척도 평균(점),3.65,score(1-5),349.0,"1341,1342",easyocr+label_targeted_row_lookup,0.9948,auto_extracted,
스페인,1-16,호감도,음악,5점 척도 평균(점),3.49,score(1-5),350.0,"1341,1342",easyocr+label_targeted_row_lookup,0.5272,auto_extracted,
스페인,1-16,호감도,애니메이션,5점 척도 평균(점),3.75,score(1-5),349.0,"1341,1342",easyocr+label_targeted_row_lookup,0.8702,auto_extracted,
스페인,1-16,호감도,출판물,5점 척도 평균(점),3.79,score(1-5),277.0,"1341,1342",easyocr+label_targeted_row_lookup,0.9983,auto_extracted,
스페인,1-16,호감도,웹툰,5점 척도 평균(점),3.88,score(1-5),268.0,"1341,1342",easyocr+label_targeted_row_lookup,0.7096,auto_extracted,
스페인,1-16,호감도,게임,5점 척도 평균(점),3.79,score(1-5),349.0,"1341,1342",easyocr+label_targeted_row_lookup,0.9992,auto_extracted,
스페인,1-16,호감도,패션,5점 척도 평균(점),3.89,score(1-5),332.0,"1341,1342",easyocr+label_targeted_row_lookup,0.7438,auto_extracted,
스페인,1-16,호감도,뷰티,5점 척도 평균(점),3.9,score(1-5),348.0,"1341,1342",easyocr+label_targeted_row_lookup,0.9674,auto_extracted,
스페인,1-16,호감도,음식,5점 척도 평균(점),3.83,score(1-5),348.0,"1341,1342",easyocr+label_targeted_row_lookup,0.8169,auto_extracted,
스페인,1-16,호감도,한국어,5점 척도 평균(점),4.15,score(1-5),130.0,"1341,1342",easyocr+label_targeted_row_lookup,0.5317,auto_extracted,
스페인,1-16,호감도,전반적 만족도,5점 척도 평균(점),3.73,score(1-5),800.0,"1341,1342",easyocr+label_targeted_row_lookup,0.9987,auto_extracted,
스페인,1-33,관심도,,본인 관심도 변화 (1년 전 대비) - 5점 척도 평균(점),3.4,score(1-5),800.0,1376,easyocr+label_targeted_row_lookup,0.9989,auto_extracted,
스페인,1-33,관심도,,본인 관심도 변화 (1년 후 예상) - 5점 척도 평균(점),3.33,score(1-5),800.0,1376,easyocr+label_targeted_row_lookup,0.3804,auto_extracted,
스페인,1-33,관심도,,자국민 관심도 변화 (1년 전 대비) - 5점 척도 평균(점),3.48,score(1-5),800.0,1376,easyocr+label_targeted_row_lookup,0.8182,auto_extracted,
스페인,1-33,관심도,,자국민 관심도 변화 (1년 후 예상) - 5점 척도 평균(점),3.43,score(1-5),800.0,1376,easyocr+label_targeted_row_lookup,0.9977,auto_extracted,
스페인,1-33,관심도,,본인 소비지출 의향 변화 (1년 전 대비) - 5점 척도 평균(점),3.26,score(1-5),800.0,1376,easyocr+label_targeted_row_lookup,0.7604,auto_extracted,
스페인,1-33,관심도,,본인 소비지출 의향 변화 (1년 후 예상) - 5점 척도 평균(점),3.26,score(1-5),800.0,1376,easyocr+label_targeted_row_lookup,0.7604,auto_extracted,
스페인,1-35,인식변화,,매우 부정적으로 변함,1.0,%,800.0,1378,easyocr+label_targeted_row_lookup,0.7525,auto_extracted,
스페인,1-35,인식변화,,약간 부정적으로 변함,4.6,%,800.0,1378,easyocr+label_targeted_row_lookup,0.9988,auto_extracted,
스페인,1-35,인식변화,,변화 없음,35.4,%,800.0,1378,easyocr+label_targeted_row_lookup,0.8352,auto_extracted,
스페인,1-35,인식변화,,약간 긍정적으로 변함,42.2,%,800.0,1378,easyocr+label_targeted_row_lookup,0.9997,auto_extracted,
스페인,1-35,인식변화,,매우 긍정적으로 변함,16.8,%,800.0,1378,easyocr+label_targeted_row_lookup,0.9489,auto_extracted,
스페인,1-35,인식변화,,5점 척도 평균(점),3.69,score(1-5),800.0,1378,easyocr+label_targeted_row_lookup,0.3888,auto_extracted,
스페인,1-41,관광경험,,한국 관광 - 구매(방문) 경험률(%),28.0,%,800.0,1381,easyocr+label_targeted_row_lookup,0.9946,auto_extracted,
스페인,1-41,관광경험,,한국 관광 - 평균 구매(방문) 횟수(회),0.67,회,800.0,1381,easyocr+label_targeted_row_lookup,0.7151,auto_extracted,
독일,1-16,호감도,드라마,5점 척도 평균(점),4.0,score(1-5),367.0,"1401,1402",easyocr+label_targeted_row_lookup,0.9994,auto_extracted,
독일,1-16,호감도,예능,5점 척도 평균(점),3.92,score(1-5),289.0,"1401,1402",easyocr+label_targeted_row_lookup,0.9216,auto_extracted,
독일,1-16,호감도,영화,5점 척도 평균(점),3.73,score(1-5),377.0,"1401,1402",easyocr+label_targeted_row_lookup,0.9959,auto_extracted,
독일,1-16,호감도,음악,5점 척도 평균(점),3.46,score(1-5),378.0,"1401,1402",easyocr+label_targeted_row_lookup,0.9992,auto_extracted,
독일,1-16,호감도,애니메이션,5점 척도 평균(점),3.63,score(1-5),373.0,"1401,1402",easyocr+label_targeted_row_lookup,0.8094,auto_extracted,
독일,1-16,호감도,출판물,5점 척도 평균(점),3.88,score(1-5),239.0,"1401,1402",easyocr+label_targeted_row_lookup,0.5579,auto_extracted,
독일,1-16,호감도,웹툰,5점 척도 평균(점),3.92,score(1-5),187.0,"1401,1402",easyocr+label_targeted_row_lookup,0.9216,auto_extracted,
독일,1-16,호감도,게임,5점 척도 평균(점),3.71,score(1-5),362.0,"1401,1402",easyocr+label_targeted_row_lookup,0.8748,auto_extracted,
독일,1-16,호감도,패션,5점 척도 평균(점),3.79,score(1-5),354.0,"1401,1402",easyocr+label_targeted_row_lookup,0.5635,auto_extracted,
독일,1-16,호감도,뷰티,5점 척도 평균(점),3.84,score(1-5),372.0,"1401,1402",easyocr+label_targeted_row_lookup,0.7155,auto_extracted,
독일,1-16,호감도,음식,5점 척도 평균(점),3.92,score(1-5),439.0,"1401,1402",easyocr+label_targeted_row_lookup,0.927,auto_extracted,
독일,1-16,호감도,한국어,5점 척도 평균(점),3.91,score(1-5),172.0,"1401,1402",easyocr+label_targeted_row_lookup,0.6294,auto_extracted,
독일,1-16,호감도,전반적 만족도,5점 척도 평균(점),3.5,score(1-5),900.0,"1401,1402",easyocr+label_targeted_row_lookup,0.5384,auto_extracted,
독일,1-33,관심도,,본인 관심도 변화 (1년 전 대비) - 5점 척도 평균(점),3.33,score(1-5),900.0,1436,easyocr+label_targeted_row_lookup,0.9989,auto_extracted,
독일,1-33,관심도,,본인 관심도 변화 (1년 후 예상) - 5점 척도 평균(점),3.22,score(1-5),900.0,1436,easyocr+label_targeted_row_lookup,0.9987,auto_extracted,
독일,1-33,관심도,,자국민 관심도 변화 (1년 전 대비) - 5점 척도 평균(점),3.25,score(1-5),900.0,1436,easyocr+label_targeted_row_lookup,0.9987,auto_extracted,
독일,1-33,관심도,,자국민 관심도 변화 (1년 후 예상) - 5점 척도 평균(점),3.28,score(1-5),900.0,1436,easyocr+label_targeted_row_lookup,0.9989,auto_extracted,
독일,1-33,관심도,,본인 소비지출 의향 변화 (1년 전 대비) - 5점 척도 평균(점),3.15,score(1-5),900.0,1436,easyocr+label_targeted_row_lookup,0.999,auto_extracted,
독일,1-33,관심도,,본인 소비지출 의향 변화 (1년 후 예상) - 5점 척도 평균(점),3.16,score(1-5),900.0,1436,easyocr+label_targeted_row_lookup,0.6137,auto_extracted,
독일,1-35,인식변화,,매우 부정적으로 변함,1.7,%,900.0,1438,easyocr+label_targeted_row_lookup,0.8225,auto_extracted,
독일,1-35,인식변화,,약간 부정적으로 변함,5.4,%,900.0,1438,easyocr+label_targeted_row_lookup,0.9947,auto_extracted,
독일,1-35,인식변화,,변화 없음,39.2,%,900.0,1438,easyocr+label_targeted_row_lookup,0.9946,auto_extracted,
독일,1-35,인식변화,,약간 긍정적으로 변함,36.9,%,900.0,1438,easyocr+label_targeted_row_lookup,0.5907,auto_extracted,
독일,1-35,인식변화,,매우 긍정적으로 변함,16.8,%,900.0,1438,easyocr+label_targeted_row_lookup,0.5516,auto_extracted,
독일,1-35,인식변화,,5점 척도 평균(점),3.62,score(1-5),900.0,1438,easyocr+label_targeted_row_lookup,0.8906,auto_extracted,
독일,1-41,관광경험,,한국 관광 - 구매(방문) 경험률(%),31.3,%,900.0,1441,easyocr+label_targeted_row_lookup,0.9749,auto_extracted,
독일,1-41,관광경험,,한국 관광 - 평균 구매(방문) 횟수(회),0.93,회,900.0,1441,easyocr+label_targeted_row_lookup,0.9712,auto_extracted,
러시아,1-16,호감도,드라마,5점 척도 평균(점),3.56,score(1-5),502.0,"1461,1462",easyocr+label_targeted_row_lookup,0.991,auto_extracted,
러시아,1-16,호감도,예능,5점 척도 평균(점),3.47,score(1-5),305.0,"1461,1462",easyocr+label_targeted_row_lookup,0.9954,auto_extracted,
러시아,1-16,호감도,영화,5점 척도 평균(점),3.49,score(1-5),499.0,"1461,1462",easyocr+label_targeted_row_lookup,0.4512,auto_extracted,
러시아,1-16,호감도,음악,5점 척도 평균(점),3.25,score(1-5),508.0,"1461,1462",easyocr+label_targeted_row_lookup,0.6911,auto_extracted,
러시아,1-16,호감도,애니메이션,5점 척도 평균(점),3.5,score(1-5),503.0,"1461,1462",easyocr+label_targeted_row_lookup,0.5384,auto_extracted,
러시아,1-16,호감도,출판물,5점 척도 평균(점),3.48,score(1-5),306.0,"1461,1462",easyocr+label_targeted_row_lookup,0.9992,auto_extracted,
러시아,1-16,호감도,웹툰,5점 척도 평균(점),3.84,score(1-5),124.0,"1461,1462",easyocr+label_targeted_row_lookup,0.7155,auto_extracted,
러시아,1-16,호감도,게임,5점 척도 평균(점),3.48,score(1-5),448.0,"1461,1462",easyocr+label_targeted_row_lookup,0.9992,auto_extracted,
러시아,1-16,호감도,패션,5점 척도 평균(점),3.71,score(1-5),415.0,"1461,1462",easyocr+label_targeted_row_lookup,0.9963,auto_extracted,
러시아,1-16,호감도,뷰티,5점 척도 평균(점),3.69,score(1-5),498.0,"1461,1462",easyocr+label_targeted_row_lookup,0.3888,auto_extracted,
러시아,1-16,호감도,음식,5점 척도 평균(점),3.57,score(1-5),500.0,"1461,1462",easyocr+label_targeted_row_lookup,0.8816,auto_extracted,
러시아,1-16,호감도,한국어,5점 척도 평균(점),4.06,score(1-5),101.0,"1461,1462",easyocr+label_targeted_row_lookup,0.9994,auto_extracted,
러시아,1-16,호감도,전반적 만족도,5점 척도 평균(점),3.43,score(1-5),1000.0,"1461,1462",easyocr+label_targeted_row_lookup,0.9985,auto_extracted,
러시아,1-33,관심도,,본인 관심도 변화 (1년 전 대비) - 5점 척도 평균(점),3.28,score(1-5),1000.0,1496,easyocr+label_targeted_row_lookup,0.6304,auto_extracted,
러시아,1-33,관심도,,본인 관심도 변화 (1년 후 예상) - 5점 척도 평균(점),3.27,score(1-5),1000.0,1496,easyocr+label_targeted_row_lookup,0.9995,auto_extracted,
러시아,1-33,관심도,,자국민 관심도 변화 (1년 전 대비) - 5점 척도 평균(점),3.35,score(1-5),1000.0,1496,easyocr+label_targeted_row_lookup,0.9159,auto_extracted,
러시아,1-33,관심도,,자국민 관심도 변화 (1년 후 예상) - 5점 척도 평균(점),3.31,score(1-5),1000.0,1496,easyocr+label_targeted_row_lookup,0.992,auto_extracted,
러시아,1-33,관심도,,본인 소비지출 의향 변화 (1년 전 대비) - 5점 척도 평균(점),3.18,score(1-5),1000.0,1496,easyocr+label_targeted_row_lookup,0.851,auto_extracted,
러시아,1-33,관심도,,본인 소비지출 의향 변화 (1년 후 예상) - 5점 척도 평균(점),3.18,score(1-5),1000.0,1496,easyocr+label_targeted_row_lookup,0.851,auto_extracted,
러시아,1-35,인식변화,,매우 부정적으로 변함,0.8,%,1000.0,1498,easyocr+label_targeted_row_lookup,0.8042,auto_extracted,
러시아,1-35,인식변화,,약간 부정적으로 변함,2.7,%,1000.0,1498,easyocr+label_targeted_row_lookup,0.7904,auto_extracted,
러시아,1-35,인식변화,,변화 없음,44.6,%,1000.0,1498,easyocr+label_targeted_row_lookup,0.3507,auto_extracted,
러시아,1-35,인식변화,,약간 긍정적으로 변함,39.9,%,1000.0,1498,easyocr+label_targeted_row_lookup,0.6978,auto_extracted,
러시아,1-35,인식변화,,매우 긍정적으로 변함,12.0,%,1000.0,1498,easyocr+label_targeted_row_lookup,0.9494,auto_extracted,
러시아,1-35,인식변화,,5점 척도 평균(점),3.6,score(1-5),1000.0,1498,easyocr+label_targeted_row_lookup,0.7519,auto_extracted,
러시아,1-41,관광경험,,한국 관광 - 구매(방문) 경험률(%),21.1,%,1000.0,1501,easyocr+label_targeted_row_lookup,0.5144,auto_extracted,
러시아,1-41,관광경험,,한국 관광 - 평균 구매(방문) 횟수(회),1.04,회,1000.0,1501,easyocr+label_targeted_row_lookup,0.9973,auto_extracted,
튀르키예,1-16,호감도,드라마,5점 척도 평균(점),3.89,score(1-5),420.0,"1521,1522",easyocr+label_targeted_row_lookup,0.5859,auto_extracted,
튀르키예,1-16,호감도,예능,5점 척도 평균(점),4.01,score(1-5),336.0,"1521,1522",easyocr+label_targeted_row_lookup,0.9927,auto_extracted,
튀르키예,1-16,호감도,영화,5점 척도 평균(점),3.81,score(1-5),408.0,"1521,1522",easyocr+label_targeted_row_lookup,0.6272,auto_extracted,
튀르키예,1-16,호감도,음악,5점 척도 평균(점),3.76,score(1-5),413.0,"1521,1522",easyocr+label_targeted_row_lookup,0.8001,auto_extracted,
튀르키예,1-16,호감도,애니메이션,5점 척도 평균(점),3.81,score(1-5),412.0,"1521,1522",easyocr+label_targeted_row_lookup,0.6272,auto_extracted,
튀르키예,1-16,호감도,출판물,5점 척도 평균(점),3.98,score(1-5),301.0,"1521,1522",easyocr+label_targeted_row_lookup,0.9999,auto_extracted,
튀르키예,1-16,호감도,웹툰,5점 척도 평균(점),4.03,score(1-5),383.0,"1521,1522",easyocr+label_targeted_row_lookup,0.9497,auto_extracted,
튀르키예,1-16,호감도,게임,5점 척도 평균(점),3.87,score(1-5),407.0,"1521,1522",easyocr+label_targeted_row_lookup,0.603,auto_extracted,
튀르키예,1-16,호감도,패션,5점 척도 평균(점),4.02,score(1-5),407.0,"1521,1522",easyocr+label_targeted_row_lookup,0.9994,auto_extracted,
튀르키예,1-16,호감도,뷰티,5점 척도 평균(점),4.04,score(1-5),408.0,"1521,1522",easyocr+label_targeted_row_lookup,0.7536,auto_extracted,
튀르키예,1-16,호감도,음식,5점 척도 평균(점),3.84,score(1-5),410.0,"1521,1522",easyocr+label_targeted_row_lookup,0.4536,auto_extracted,
튀르키예,1-16,호감도,한국어,5점 척도 평균(점),4.09,score(1-5),153.0,"1521,1522",easyocr+label_targeted_row_lookup,0.7297,auto_extracted,
튀르키예,1-16,호감도,전반적 만족도,5점 척도 평균(점),3.8,score(1-5),880.0,"1521,1522",easyocr+label_targeted_row_lookup,0.8912,auto_extracted,
튀르키예,1-33,관심도,,본인 관심도 변화 (1년 전 대비) - 5점 척도 평균(점),3.62,score(1-5),880.0,1556,easyocr+label_targeted_row_lookup,0.4313,auto_extracted,
튀르키예,1-33,관심도,,본인 관심도 변화 (1년 후 예상) - 5점 척도 평균(점),3.56,score(1-5),880.0,1556,easyocr+label_targeted_row_lookup,0.7259,auto_extracted,
튀르키예,1-33,관심도,,자국민 관심도 변화 (1년 전 대비) - 5점 척도 평균(점),3.69,score(1-5),880.0,1556,easyocr+label_targeted_row_lookup,0.3888,auto_extracted,
튀르키예,1-33,관심도,,자국민 관심도 변화 (1년 후 예상) - 5점 척도 평균(점),3.7,score(1-5),880.0,1556,easyocr+label_targeted_row_lookup,0.9963,auto_extracted,
튀르키예,1-33,관심도,,본인 소비지출 의향 변화 (1년 전 대비) - 5점 척도 평균(점),3.51,score(1-5),880.0,1556,easyocr+label_targeted_row_lookup,0.9996,auto_extracted,
튀르키예,1-33,관심도,,본인 소비지출 의향 변화 (1년 후 예상) - 5점 척도 평균(점),3.51,score(1-5),880.0,1556,easyocr+label_targeted_row_lookup,0.9996,auto_extracted,
튀르키예,1-35,인식변화,,매우 부정적으로 변함,1.1,%,880.0,1558,easyocr+label_targeted_row_lookup,0.7289,auto_extracted,
튀르키예,1-35,인식변화,,약간 부정적으로 변함,5.3,%,880.0,1558,easyocr+label_targeted_row_lookup,0.9984,auto_extracted,
튀르키예,1-35,인식변화,,변화 없음,21.7,%,880.0,1558,easyocr+label_targeted_row_lookup,0.9994,auto_extracted,
튀르키예,1-35,인식변화,,약간 긍정적으로 변함,43.1,%,880.0,1558,easyocr+label_targeted_row_lookup,0.9999,auto_extracted,
튀르키예,1-35,인식변화,,매우 긍정적으로 변함,28.7,%,880.0,1558,easyocr+label_targeted_row_lookup,0.9998,auto_extracted,
튀르키예,1-35,인식변화,,5점 척도 평균(점),3.93,score(1-5),880.0,1558,easyocr+label_targeted_row_lookup,0.8674,auto_extracted,
튀르키예,1-41,관광경험,,한국 관광 - 구매(방문) 경험률(%),34.5,%,880.0,1561,easyocr+label_targeted_row_lookup,0.599,auto_extracted,
튀르키예,1-41,관광경험,,한국 관광 - 평균 구매(방문) 횟수(회),0.86,회,880.0,1561,easyocr+label_targeted_row_lookup,0.9992,auto_extracted,
폴란드,1-16,호감도,드라마,5점 척도 평균(점),3.68,score(1-5),210.0,"1581,1582",easyocr+label_targeted_row_lookup,0.9601,auto_extracted,
폴란드,1-16,호감도,예능,5점 척도 평균(점),3.47,score(1-5),129.0,"1581,1582",easyocr+label_targeted_row_lookup,0.9318,auto_extracted,
폴란드,1-16,호감도,영화,5점 척도 평균(점),3.42,score(1-5),228.0,"1581,1582",easyocr+label_targeted_row_lookup,0.9971,auto_extracted,
폴란드,1-16,호감도,음악,5점 척도 평균(점),3.33,score(1-5),217.0,"1581,1582",easyocr+label_targeted_row_lookup,0.7993,auto_extracted,
폴란드,1-16,호감도,애니메이션,5점 척도 평균(점),3.27,score(1-5),216.0,"1581,1582",easyocr+label_targeted_row_lookup,0.9885,auto_extracted,
폴란드,1-16,호감도,출판물,5점 척도 평균(점),3.64,score(1-5),105.0,"1581,1582",easyocr+label_targeted_row_lookup,0.6828,auto_extracted,
폴란드,1-16,호감도,웹툰,5점 척도 평균(점),3.66,score(1-5),121.0,"1581,1582",easyocr+label_targeted_row_lookup,0.5876,auto_extracted,
폴란드,1-16,호감도,게임,5점 척도 평균(점),3.55,score(1-5),174.0,"1581,1582",easyocr+label_targeted_row_lookup,0.978,auto_extracted,
폴란드,1-16,호감도,패션,5점 척도 평균(점),3.49,score(1-5),172.0,"1581,1582",easyocr+label_targeted_row_lookup,0.9938,auto_extracted,
폴란드,1-16,호감도,뷰티,5점 척도 평균(점),3.77,score(1-5),212.0,"1581,1582",easyocr+label_targeted_row_lookup,0.9968,auto_extracted,
폴란드,1-16,호감도,음식,5점 척도 평균(점),3.66,score(1-5),236.0,"1581,1582",easyocr+label_targeted_row_lookup,0.997,auto_extracted,
폴란드,1-16,호감도,한국어,5점 척도 평균(점),3.75,score(1-5),56.0,"1581,1582",easyocr+label_targeted_row_lookup,0.9931,auto_extracted,
폴란드,1-16,호감도,전반적 만족도,5점 척도 평균(점),3.48,score(1-5),500.0,"1581,1582",easyocr+label_targeted_row_lookup,0.8262,auto_extracted,
폴란드,1-33,관심도,,본인 관심도 변화 (1년 전 대비) - 5점 척도 평균(점),3.06,score(1-5),500.0,1616,easyocr+label_targeted_row_lookup,0.9692,auto_extracted,
폴란드,1-33,관심도,,본인 관심도 변화 (1년 후 예상) - 5점 척도 평균(점),3.1,score(1-5),500.0,1616,easyocr+label_targeted_row_lookup,0.9961,auto_extracted,
폴란드,1-33,관심도,,자국민 관심도 변화 (1년 전 대비) - 5점 척도 평균(점),3.19,score(1-5),500.0,1616,easyocr+label_targeted_row_lookup,0.8913,auto_extracted,
폴란드,1-33,관심도,,자국민 관심도 변화 (1년 후 예상) - 5점 척도 평균(점),3.2,score(1-5),500.0,1616,easyocr+label_targeted_row_lookup,0.9614,auto_extracted,
폴란드,1-33,관심도,,본인 소비지출 의향 변화 (1년 전 대비) - 5점 척도 평균(점),3.05,score(1-5),500.0,1616,easyocr+label_targeted_row_lookup,0.9984,auto_extracted,
폴란드,1-33,관심도,,본인 소비지출 의향 변화 (1년 후 예상) - 5점 척도 평균(점),3.05,score(1-5),500.0,1616,easyocr+label_targeted_row_lookup,0.9984,auto_extracted,
폴란드,1-35,인식변화,,매우 부정적으로 변함,1.8,%,500.0,1618,easyocr+label_targeted_row_lookup,0.9872,auto_extracted,
폴란드,1-35,인식변화,,약간 부정적으로 변함,4.4,%,500.0,1618,easyocr+label_targeted_row_lookup,0.7163,auto_extracted,
폴란드,1-35,인식변화,,변화 없음,47.0,%,500.0,1618,easyocr+label_targeted_row_lookup,0.9973,auto_extracted,
폴란드,1-35,인식변화,,약간 긍정적으로 변함,36.1,%,500.0,1618,easyocr+label_targeted_row_lookup,0.9985,auto_extracted,
폴란드,1-35,인식변화,,매우 긍정적으로 변함,10.6,%,500.0,1618,easyocr+label_targeted_row_lookup,0.9984,auto_extracted,
폴란드,1-35,인식변화,,5점 척도 평균(점),3.49,score(1-5),500.0,1618,easyocr+label_targeted_row_lookup,0.7197,auto_extracted,
폴란드,1-41,관광경험,,한국 관광 - 구매(방문) 경험률(%),22.0,%,500.0,1621,easyocr+label_targeted_row_lookup,0.9996,auto_extracted,
폴란드,1-41,관광경험,,한국 관광 - 평균 구매(방문) 횟수(회),0.91,회,500.0,1621,easyocr+label_targeted_row_lookup,0.9997,auto_extracted,
UAE,1-16,호감도,드라마,5점 척도 평균(점),4.19,score(1-5),350.0,"1641,1642",easyocr+label_targeted_row_lookup,0.6891,auto_extracted,
UAE,1-16,호감도,예능,5점 척도 평균(점),4.15,score(1-5),326.0,"1641,1642",easyocr+label_targeted_row_lookup,0.5317,auto_extracted,
UAE,1-16,호감도,영화,5점 척도 평균(점),4.2,score(1-5),350.0,"1641,1642",easyocr+label_targeted_row_lookup,0.9937,auto_extracted,
UAE,1-16,호감도,음악,5점 척도 평균(점),4.19,score(1-5),356.0,"1641,1642",easyocr+label_targeted_row_lookup,0.5003,auto_extracted,
UAE,1-16,호감도,애니메이션,5점 척도 평균(점),4.1,score(1-5),336.0,"1641,1642",easyocr+label_targeted_row_lookup,0.9991,auto_extracted,
UAE,1-16,호감도,출판물,5점 척도 평균(점),4.13,score(1-5),274.0,"1641,1642",easyocr+label_targeted_row_lookup,0.3948,auto_extracted,
UAE,1-16,호감도,웹툰,5점 척도 평균(점),4.35,score(1-5),231.0,"1641,1642",easyocr+label_targeted_row_lookup,0.8208,auto_extracted,
UAE,1-16,호감도,게임,5점 척도 평균(점),4.16,score(1-5),327.0,"1641,1642",easyocr+label_targeted_row_lookup,0.7838,auto_extracted,
UAE,1-16,호감도,패션,5점 척도 평균(점),4.18,score(1-5),343.0,"1641,1642",easyocr+label_targeted_row_lookup,0.8744,auto_extracted,
UAE,1-16,호감도,뷰티,5점 척도 평균(점),4.2,score(1-5),343.0,"1641,1642",easyocr+label_targeted_row_lookup,0.9937,auto_extracted,
UAE,1-16,호감도,음식,5점 척도 평균(점),4.09,score(1-5),346.0,"1641,1642",easyocr+label_targeted_row_lookup,0.9996,auto_extracted,
UAE,1-16,호감도,한국어,5점 척도 평균(점),4.35,score(1-5),304.0,"1641,1642",easyocr+label_targeted_row_lookup,0.9986,auto_extracted,
UAE,1-16,호감도,전반적 만족도,5점 척도 평균(점),4.1,score(1-5),700.0,"1641,1642",easyocr+label_targeted_row_lookup,0.8373,auto_extracted,
UAE,1-33,관심도,,본인 관심도 변화 (1년 전 대비) - 5점 척도 평균(점),3.96,score(1-5),700.0,1676,easyocr+label_targeted_row_lookup,0.999,auto_extracted,
UAE,1-33,관심도,,본인 관심도 변화 (1년 후 예상) - 5점 척도 평균(점),3.87,score(1-5),700.0,1676,easyocr+label_targeted_row_lookup,0.5202,auto_extracted,
UAE,1-33,관심도,,자국민 관심도 변화 (1년 전 대비) - 5점 척도 평균(점),3.87,score(1-5),700.0,1676,easyocr+label_targeted_row_lookup,0.5202,auto_extracted,
UAE,1-33,관심도,,자국민 관심도 변화 (1년 후 예상) - 5점 척도 평균(점),3.93,score(1-5),700.0,1676,easyocr+label_targeted_row_lookup,0.9986,auto_extracted,
UAE,1-33,관심도,,본인 소비지출 의향 변화 (1년 전 대비) - 5점 척도 평균(점),3.81,score(1-5),700.0,1676,easyocr+label_targeted_row_lookup,0.5411,auto_extracted,
UAE,1-33,관심도,,본인 소비지출 의향 변화 (1년 후 예상) - 5점 척도 평균(점),3.79,score(1-5),700.0,1676,easyocr+label_targeted_row_lookup,0.974,auto_extracted,
UAE,1-35,인식변화,,매우 부정적으로 변함,0.4,%,700.0,1678,easyocr+label_targeted_row_lookup,0.7565,auto_extracted,
UAE,1-35,인식변화,,약간 부정적으로 변함,2.1,%,700.0,1678,easyocr+label_targeted_row_lookup,0.5302,auto_extracted,
UAE,1-35,인식변화,,변화 없음,16.6,%,700.0,1678,easyocr+label_targeted_row_lookup,0.7401,auto_extracted,
UAE,1-35,인식변화,,약간 긍정적으로 변함,45.3,%,700.0,1678,easyocr+label_targeted_row_lookup,1.0,auto_extracted,
UAE,1-35,인식변화,,매우 긍정적으로 변함,35.6,%,700.0,1678,easyocr+label_targeted_row_lookup,0.9996,auto_extracted,
UAE,1-35,인식변화,,5점 척도 평균(점),4.13,score(1-5),700.0,1678,easyocr+label_targeted_row_lookup,0.9978,auto_extracted,
UAE,1-41,관광경험,,한국 관광 - 구매(방문) 경험률(%),51.0,%,700.0,1681,easyocr+label_targeted_row_lookup,1.0,auto_extracted,
UAE,1-41,관광경험,,한국 관광 - 평균 구매(방문) 횟수(회),1.99,회,700.0,1681,easyocr+label_targeted_row_lookup,0.8889,auto_extracted,
사우디아라비아,1-16,호감도,드라마,5점 척도 평균(점),4.19,score(1-5),370.0,"1701,1702",easyocr+label_targeted_row_lookup,0.9981,auto_extracted,
사우디아라비아,1-16,호감도,예능,5점 척도 평균(점),4.18,score(1-5),358.0,"1701,1702",easyocr+label_targeted_row_lookup,0.9987,auto_extracted,
사우디아라비아,1-16,호감도,영화,5점 척도 평균(점),4.13,score(1-5),368.0,"1701,1702",easyocr+label_targeted_row_lookup,0.3948,auto_extracted,
사우디아라비아,1-16,호감도,음악,5점 척도 평균(점),4.05,score(1-5),354.0,"1701,1702",easyocr+label_targeted_row_lookup,0.9854,auto_extracted,
사우디아라비아,1-16,호감도,애니메이션,5점 척도 평균(점),4.1,score(1-5),363.0,"1701,1702",easyocr+label_targeted_row_lookup,0.8373,auto_extracted,
사우디아라비아,1-16,호감도,출판물,5점 척도 평균(점),4.18,score(1-5),312.0,"1701,1702",easyocr+label_targeted_row_lookup,0.9987,auto_extracted,
사우디아라비아,1-16,호감도,웹툰,5점 척도 평균(점),4.31,score(1-5),225.0,"1701,1702",easyocr+label_targeted_row_lookup,0.9995,auto_extracted,
사우디아라비아,1-16,호감도,게임,5점 척도 평균(점),4.12,score(1-5),360.0,"1701,1702",easyocr+label_targeted_row_lookup,0.9991,auto_extracted,
사우디아라비아,1-16,호감도,패션,5점 척도 평균(점),4.18,score(1-5),354.0,"1701,1702",easyocr+label_targeted_row_lookup,0.9987,auto_extracted,
사우디아라비아,1-16,호감도,뷰티,5점 척도 평균(점),4.29,score(1-5),364.0,"1701,1702",easyocr+label_targeted_row_lookup,0.3887,auto_extracted,
사우디아라비아,1-16,호감도,음식,5점 척도 평균(점),4.03,score(1-5),366.0,"1701,1702",easyocr+label_targeted_row_lookup,0.7874,auto_extracted,
사우디아라비아,1-16,호감도,한국어,5점 척도 평균(점),4.23,score(1-5),305.0,"1701,1702",easyocr+label_targeted_row_lookup,0.6915,auto_extracted,
사우디아라비아,1-16,호감도,전반적 만족도,5점 척도 평균(점),3.99,score(1-5),730.0,"1701,1702",easyocr+label_targeted_row_lookup,0.6087,auto_extracted,
사우디아라비아,1-33,관심도,,본인 관심도 변화 (1년 전 대비) - 5점 척도 평균(점),3.82,score(1-5),730.0,1736,easyocr+label_targeted_row_lookup,0.3602,auto_extracted,
사우디아라비아,1-33,관심도,,본인 관심도 변화 (1년 후 예상) - 5점 척도 평균(점),3.71,score(1-5),730.0,1736,easyocr+label_targeted_row_lookup,0.8748,auto_extracted,
사우디아라비아,1-33,관심도,,자국민 관심도 변화 (1년 전 대비) - 5점 척도 평균(점),3.76,score(1-5),730.0,1736,easyocr+label_targeted_row_lookup,0.9184,auto_extracted,
사우디아라비아,1-33,관심도,,자국민 관심도 변화 (1년 후 예상) - 5점 척도 평균(점),3.8,score(1-5),730.0,1736,easyocr+label_targeted_row_lookup,0.9806,auto_extracted,
사우디아라비아,1-33,관심도,,본인 소비지출 의향 변화 (1년 전 대비) - 5점 척도 평균(점),3.56,score(1-5),730.0,1736,easyocr+label_targeted_row_lookup,0.7381,auto_extracted,
사우디아라비아,1-33,관심도,,본인 소비지출 의향 변화 (1년 후 예상) - 5점 척도 평균(점),3.55,score(1-5),730.0,1736,easyocr+label_targeted_row_lookup,0.6966,auto_extracted,
사우디아라비아,1-35,인식변화,,매우 부정적으로 변함,1.6,%,730.0,1738,easyocr+label_targeted_row_lookup,0.3226,auto_extracted,
사우디아라비아,1-35,인식변화,,약간 부정적으로 변함,2.5,%,730.0,1738,easyocr+label_targeted_row_lookup,0.5537,auto_extracted,
사우디아라비아,1-35,인식변화,,변화 없음,16.9,%,730.0,1738,easyocr+label_targeted_row_lookup,0.905,auto_extracted,
사우디아라비아,1-35,인식변화,,약간 긍정적으로 변함,42.5,%,730.0,1738,easyocr+label_targeted_row_lookup,0.9999,auto_extracted,
사우디아라비아,1-35,인식변화,,매우 긍정적으로 변함,36.5,%,730.0,1738,easyocr+label_targeted_row_lookup,0.7065,auto_extracted,
사우디아라비아,1-35,인식변화,,5점 척도 평균(점),4.1,score(1-5),730.0,1738,easyocr+label_targeted_row_lookup,0.9695,auto_extracted,
사우디아라비아,1-41,관광경험,,한국 관광 - 구매(방문) 경험률(%),45.6,%,730.0,1741,easyocr+label_targeted_row_lookup,0.9967,auto_extracted,
사우디아라비아,1-41,관광경험,,한국 관광 - 평균 구매(방문) 횟수(회),1.16,회,730.0,1741,easyocr+label_targeted_row_lookup,0.9995,auto_extracted,
남아프리카공화국,1-16,호감도,드라마,5점 척도 평균(점),4.18,score(1-5),390.0,"1761,1762",easyocr+label_targeted_row_lookup,0.9683,auto_extracted,
남아프리카공화국,1-16,호감도,예능,5점 척도 평균(점),4.12,score(1-5),390.0,"1761,1762",easyocr+label_targeted_row_lookup,0.8626,auto_extracted,
남아프리카공화국,1-16,호감도,영화,5점 척도 평균(점),4.1,score(1-5),390.0,"1761,1762",easyocr+label_targeted_row_lookup,0.9963,auto_extracted,
남아프리카공화국,1-16,호감도,음악,5점 척도 평균(점),4.0,score(1-5),391.0,"1761,1762",easyocr+label_targeted_row_lookup,0.8839,auto_extracted,
남아프리카공화국,1-16,호감도,애니메이션,5점 척도 평균(점),4.01,score(1-5),393.0,"1761,1762",easyocr+label_targeted_row_lookup,0.9754,auto_extracted,
남아프리카공화국,1-16,호감도,출판물,5점 척도 평균(점),4.09,score(1-5),209.0,"1761,1762",easyocr+label_targeted_row_lookup,0.769,auto_extracted,
남아프리카공화국,1-16,호감도,웹툰,5점 척도 평균(점),4.23,score(1-5),257.0,"1761,1762",easyocr+label_targeted_row_lookup,0.9152,auto_extracted,
남아프리카공화국,1-16,호감도,게임,5점 척도 평균(점),4.1,score(1-5),383.0,"1761,1762",easyocr+label_targeted_row_lookup,0.9695,auto_extracted,
남아프리카공화국,1-16,호감도,패션,5점 척도 평균(점),4.06,score(1-5),396.0,"1761,1762",easyocr+label_targeted_row_lookup,0.9998,auto_extracted,
남아프리카공화국,1-16,호감도,뷰티,5점 척도 평균(점),4.06,score(1-5),396.0,"1761,1762",easyocr+label_targeted_row_lookup,0.8866,auto_extracted,
남아프리카공화국,1-16,호감도,음식,5점 척도 평균(점),4.18,score(1-5),386.0,"1761,1762",easyocr+label_targeted_row_lookup,0.9973,auto_extracted,
남아프리카공화국,1-16,호감도,한국어,5점 척도 평균(점),4.16,score(1-5),207.0,"1761,1762",easyocr+label_targeted_row_lookup,0.9966,auto_extracted,
남아프리카공화국,1-16,호감도,전반적 만족도,5점 척도 평균(점),4.03,score(1-5),800.0,"1761,1762",easyocr+label_targeted_row_lookup,0.9992,auto_extracted,
남아프리카공화국,1-33,관심도,,본인 관심도 변화 (1년 전 대비) - 5점 척도 평균(점),3.68,score(1-5),800.0,1796,easyocr+label_targeted_row_lookup,0.7005,auto_extracted,
남아프리카공화국,1-33,관심도,,본인 관심도 변화 (1년 후 예상) - 5점 척도 평균(점),3.71,score(1-5),800.0,1796,easyocr+label_targeted_row_lookup,0.9995,auto_extracted,
남아프리카공화국,1-33,관심도,,자국민 관심도 변화 (1년 전 대비) - 5점 척도 평균(점),3.71,score(1-5),800.0,1796,easyocr+label_targeted_row_lookup,0.9995,auto_extracted,
남아프리카공화국,1-33,관심도,,자국민 관심도 변화 (1년 후 예상) - 5점 척도 평균(점),3.74,score(1-5),800.0,1796,easyocr+label_targeted_row_lookup,0.9991,auto_extracted,
남아프리카공화국,1-33,관심도,,본인 소비지출 의향 변화 (1년 전 대비) - 5점 척도 평균(점),3.56,score(1-5),800.0,1796,easyocr+label_targeted_row_lookup,0.998,auto_extracted,
남아프리카공화국,1-33,관심도,,본인 소비지출 의향 변화 (1년 후 예상) - 5점 척도 평균(점),3.56,score(1-5),800.0,1796,easyocr+label_targeted_row_lookup,0.998,auto_extracted,
남아프리카공화국,1-35,인식변화,,매우 부정적으로 변함,0.5,%,800.0,1798,easyocr+label_targeted_row_lookup,0.9247,auto_extracted,
남아프리카공화국,1-35,인식변화,,약간 부정적으로 변함,1.8,%,800.0,1798,easyocr+label_targeted_row_lookup,0.7464,auto_extracted,
남아프리카공화국,1-35,인식변화,,변화 없음,21.6,%,800.0,1798,easyocr+label_targeted_row_lookup,0.9918,auto_extracted,
남아프리카공화국,1-35,인식변화,,약간 긍정적으로 변함,46.5,%,800.0,1798,easyocr+label_targeted_row_lookup,0.9912,auto_extracted,
남아프리카공화국,1-35,인식변화,,매우 긍정적으로 변함,29.7,%,800.0,1798,easyocr+label_targeted_row_lookup,0.4931,auto_extracted,
남아프리카공화국,1-35,인식변화,,5점 척도 평균(점),4.03,score(1-5),800.0,1798,easyocr+label_targeted_row_lookup,0.9999,auto_extracted,
남아프리카공화국,1-41,관광경험,,한국 관광 - 구매(방문) 경험률(%),28.9,%,800.0,1801,easyocr+label_targeted_row_lookup,0.8947,auto_extracted,
남아프리카공화국,1-41,관광경험,,한국 관광 - 평균 구매(방문) 횟수(회),1.32,회,800.0,1801,easyocr+label_targeted_row_lookup,0.9115,auto_extracted,
이집트,1-16,호감도,드라마,5점 척도 평균(점),4.11,score(1-5),447.0,"1821,1822",easyocr+label_targeted_row_lookup,0.894,auto_extracted,
이집트,1-16,호감도,예능,5점 척도 평균(점),4.13,score(1-5),461.0,"1821,1822",easyocr+label_targeted_row_lookup,0.9978,auto_extracted,
이집트,1-16,호감도,영화,5점 척도 평균(점),4.09,score(1-5),450.0,"1821,1822",easyocr+label_targeted_row_lookup,0.7644,auto_extracted,
이집트,1-16,호감도,음악,5점 척도 평균(점),4.12,score(1-5),363.0,"1821,1822",easyocr+label_targeted_row_lookup,0.9947,auto_extracted,
이집트,1-16,호감도,애니메이션,5점 척도 평균(점),4.01,score(1-5),451.0,"1821,1822",easyocr+label_targeted_row_lookup,0.9754,auto_extracted,
이집트,1-16,호감도,출판물,5점 척도 평균(점),4.26,score(1-5),326.0,"1821,1822",easyocr+label_targeted_row_lookup,0.7428,auto_extracted,
이집트,1-16,호감도,웹툰,5점 척도 평균(점),4.29,score(1-5),232.0,"1821,1822",easyocr+label_targeted_row_lookup,0.9583,auto_extracted,
이집트,1-16,호감도,게임,5점 척도 평균(점),4.15,score(1-5),445.0,"1821,1822",easyocr+label_targeted_row_lookup,0.8704,auto_extracted,
이집트,1-16,호감도,패션,5점 척도 평균(점),4.15,score(1-5),455.0,"1821,1822",easyocr+label_targeted_row_lookup,0.8704,auto_extracted,
이집트,1-16,호감도,뷰티,5점 척도 평균(점),4.28,score(1-5),462.0,"1821,1822",easyocr+label_targeted_row_lookup,0.9989,auto_extracted,
이집트,1-16,호감도,음식,5점 척도 평균(점),4.0,score(1-5),454.0,"1821,1822",easyocr+label_targeted_row_lookup,0.8839,auto_extracted,
이집트,1-16,호감도,한국어,5점 척도 평균(점),4.37,score(1-5),360.0,"1821,1822",easyocr+label_targeted_row_lookup,0.9152,auto_extracted,
이집트,1-16,호감도,전반적 만족도,5점 척도 평균(점),3.98,score(1-5),900.0,"1821,1822",easyocr+label_targeted_row_lookup,0.7544,auto_extracted,
이집트,1-33,관심도,,본인 관심도 변화 (1년 전 대비) - 5점 척도 평균(점),3.83,score(1-5),900.0,1856,easyocr+label_targeted_row_lookup,0.999,auto_extracted,
이집트,1-33,관심도,,본인 관심도 변화 (1년 후 예상) - 5점 척도 평균(점),3.75,score(1-5),900.0,1856,easyocr+label_targeted_row_lookup,0.9994,auto_extracted,
이집트,1-33,관심도,,자국민 관심도 변화 (1년 전 대비) - 5점 척도 평균(점),3.77,score(1-5),900.0,1856,easyocr+label_targeted_row_lookup,0.5925,auto_extracted,
이집트,1-33,관심도,,자국민 관심도 변화 (1년 후 예상) - 5점 척도 평균(점),3.84,score(1-5),900.0,1856,easyocr+label_targeted_row_lookup,0.9991,auto_extracted,
이집트,1-33,관심도,,본인 소비지출 의향 변화 (1년 전 대비) - 5점 척도 평균(점),3.6,score(1-5),900.0,1856,easyocr+label_targeted_row_lookup,0.7519,auto_extracted,
이집트,1-33,관심도,,본인 소비지출 의향 변화 (1년 후 예상) - 5점 척도 평균(점),3.62,score(1-5),900.0,1856,easyocr+label_targeted_row_lookup,0.8906,auto_extracted,
이집트,1-35,인식변화,,매우 부정적으로 변함,0.7,%,900.0,1858,easyocr+label_targeted_row_lookup,0.9836,auto_extracted,
이집트,1-35,인식변화,,약간 부정적으로 변함,2.1,%,900.0,1858,easyocr+label_targeted_row_lookup,0.7478,auto_extracted,
이집트,1-35,인식변화,,변화 없음,18.7,%,900.0,1858,easyocr+label_targeted_row_lookup,0.8301,auto_extracted,
이집트,1-35,인식변화,,약간 긍정적으로 변함,44.1,%,900.0,1858,easyocr+label_targeted_row_lookup,0.9998,auto_extracted,
이집트,1-35,인식변화,,매우 긍정적으로 변함,34.4,%,900.0,1858,easyocr+label_targeted_row_lookup,0.9679,auto_extracted,
이집트,1-35,인식변화,,5점 척도 평균(점),4.1,score(1-5),900.0,1858,easyocr+label_targeted_row_lookup,0.905,auto_extracted,
이집트,1-41,관광경험,,한국 관광 - 구매(방문) 경험률(%),36.5,%,900.0,1861,easyocr+label_targeted_row_lookup,0.5698,auto_extracted,
이집트,1-41,관광경험,,한국 관광 - 평균 구매(방문) 횟수(회),1.36,회,900.0,1861,easyocr+label_targeted_row_lookup,0.8011,auto_extracted,
